candidate,cell,radius_m,height_m,full_vertex_count,support_vertex_count,neighbour_count,analytic_m0_a,repaired_m0_a,relative_m0_error,fit_constraint_residual_a_m2,one_sided_condition
own_geometry,0,5.10351553389521,-3.748449708623358,8,8,6,-563.88115946132,-1205.0443485535166,1.1370537538525045,371.43418025813753,nan
own_geometry,1,5.5274406867329535,-4.4792321743318935,33,33,8,-477.32026562001977,-560.9605604781887,0.1752288785591861,0.002450736617902294,nan
own_geometry,2,5.364739391056437,-4.34151179943077,3,3,4,-244.21235291926467,-301.7056825060972,0.2354235111351617,4.3655745685100555e-10,nan
own_geometry,3,5.479811175351997,-4.3127512002534685,6,7,4,-1767.3107973057226,-2567.904686651961,0.4530011872086955,8.731149137020111e-11,nan
own_geometry,4,5.335486985834499,-4.1791517843021015,13,13,7,-2898.7787941125853,-3789.5286681091234,0.3072845281625661,0.001066943717887625,nan
own_geometry,5,5.479342791778796,-4.059564129423392,5,4,7,-2.156224923677263,-148.51992347281714,67.8796061310379,5.161382432561368e-11,nan
own_geometry,6,5.30958827701368,-3.922024475805872,8,8,5,-533.4861205324004,-1302.8318288473693,1.4421100731677685,921.3186942916709,nan
own_geometry,8,5.2870632529335,-3.678128979015079,6,4,6,-2.1532879421710076,-258.6620569730805,119.1242304418841,2.1827872842550278e-11,nan
own_geometry,13,5.72750662646675,-3.169548778470661,6,5,6,-217.47481273426453,-692.3332690422206,2.183510128541608,6.002665031701326e-11,nan
own_geometry,15,4.582680123878616,-3.751872916282149,6,6,6,-826.3706528485218,-1494.9075943212765,0.8090037311565821,1.9099388737231493e-10,nan
own_geometry,16,4.84800011240711,-3.640628281554349,9,10,5,-551.4063634644492,-1397.6405512527544,1.5346833911590585,120.42162624721414,nan
own_geometry,17,5.066841566166875,-3.550983928878974,6,5,6,-72.45406830851313,-730.8266731418506,9.086758276014995,2.9103830456733704e-11,nan
own_geometry,18,4.84661987940025,-3.42383887874287,6,3,6,0.0,-46.09426911185569,nan,1.0913936421275139e-11,nan
own_geometry,23,4.84661987940025,-2.9152586781984526,6,4,6,-48.61202732342255,-364.46176912261853,6.497357941848503,3.637978807091713e-11,nan
own_geometry,25,5.2870632529335,-3.42383887874287,6,4,6,0.0,-54.883015328314535,nan,9.094947017729282e-12,nan
own_geometry,26,5.507284939700125,-3.2966938286067657,6,5,6,-18.47851537358944,-288.6407118035592,14.620341026752678,2.000888343900442e-11,nan
own_geometry,35,5.947728313233375,-3.042403728334557,6,5,6,-501.2657267142291,-1084.2328552538943,1.1629902015463625,8.731149137020111e-11,nan
own_geometry,37,6.167949999999999,-2.9152586781984526,6,5,6,-607.9708758968009,-1247.9910553184127,1.0527151954072405,1.2005330063402653e-10,nan
own_geometry,40,6.167949999999999,-2.6609685779262437,6,6,6,-18302.63190959276,-19650.914594012927,0.07366605475540955,8.221832104027271e-10,nan
own_geometry,75,4.407346364316974,-3.855381693289957,14,14,6,-1208.2192606183362,-1580.736105983899,0.3083189099095458,0.0064024804887594655,nan
own_geometry,76,4.261377047853079,-3.8148553596637442,35,36,5,-248.80752167836232,-1816.25840618709,6.29985329195553,0.045962975498696323,nan
own_geometry,77,4.410204175112744,-3.6799280644149452,6,5,5,-186.95461747314152,-552.8805697299401,1.957298285555149,1.3096723705530167e-10,nan
own_geometry,78,4.6263981926336255,-3.550983928878974,6,4,6,-11.645149005767433,-215.26052680233198,17.484995485735823,2.1827872842550278e-11,nan
own_geometry,95,4.406176505867,-1.6438081768374084,6,3,6,0.0,-1.7778929945916528,nan,7.275957614183426e-12,nan
own_geometry,97,4.406176505867,-1.3895180765652,6,4,6,-178.5696405600316,-489.1296594743314,1.7391535198274404,7.275957614183426e-11,nan
own_geometry,102,4.406176505867,-1.135227976292991,6,5,6,-1331.031765864254,-1765.425233873373,0.3263584530058621,1.1641532182693481e-10,nan
own_geometry,104,4.406176505867,-0.8809378760207827,6,5,6,-3645.1426575693586,-3808.5540785314956,0.04482991101124764,1.1641532182693481e-10,nan
own_geometry,106,4.406176505867,-0.6266477757485739,6,6,6,-6703.2342680491865,-7011.6220646192,0.04600582110637792,2.0372681319713587e-10,nan
own_geometry,107,4.202036701324899,-0.4995027256124692,7,3,6,0.0,-0.0033199854735424406,nan,3.268496584496461e-13,nan
own_geometry,108,4.406176505867,-0.3723576754763655,6,7,6,-9627.775010047022,-10289.832360785167,0.06876535337056153,2.9103830456733704e-10,nan
own_geometry,109,4.202036701324899,-0.2452126253402608,7,3,6,-16.735204722998894,-88.01290548238434,4.25914722521618,1.3241517800435913e-11,nan
own_geometry,110,4.406176505867,-0.11806757520415613,6,7,6,-11984.716067927027,-13135.305817604425,0.09600475665473258,3.346940502524376e-10,nan
own_geometry,111,4.202036701324899,0.009077474931947632,7,3,6,-158.80167599971304,-329.3742106321011,1.0741230126103725,2.9103830456733704e-11,nan
own_geometry,225,4.406176505867,0.1362225250680523,6,7,6,-13648.481366615411,-14863.075210470068,0.08899113470789423,1.7462298274040222e-10,nan
own_geometry,226,4.202036701324899,0.263367575204157,7,4,6,-425.8994076729383,-615.3966511152914,0.44493427327767987,1.1641532182693481e-10,nan
own_geometry,227,4.406176505867,0.39051262534026077,6,6,6,-14653.578594957271,-15368.889320674105,0.04881474658777164,2.9103830456733704e-10,nan
own_geometry,228,4.202036701324898,0.5176576754763654,7,5,6,-697.9690218817551,-906.0490897736441,0.2981222108266296,1.1641532182693481e-10,nan
own_geometry,229,4.406176505867,0.6448027256124701,6,6,6,-15130.667483753583,-15667.502010377571,0.03547989718235562,2.9103830456733704e-10,nan
own_geometry,230,4.202036701324898,0.7719477757485739,7,5,6,-849.1180689764135,-1071.0110014901518,0.26132164727247364,9.458744898438454e-11,nan
own_geometry,231,4.406176505867,0.8990928258846785,6,6,6,-15180.261031028513,-15701.786374397347,0.034355492458452076,2.9103830456733704e-10,nan
own_geometry,232,4.202036701324898,1.0262378760207833,7,5,6,-814.6505147339238,-1037.5038452524798,0.27355697503160964,7.412381819449365e-11,nan
own_geometry,233,4.406176505867,1.153382926156887,6,6,6,-14822.1225430739,-15482.379643842703,0.044545381327813244,2.9103830456733704e-10,nan
own_geometry,234,4.202036701324899,1.2805279762929918,7,5,6,-611.3286380740706,-820.1426342484934,0.34157404572485,8.003553375601768e-11,nan
own_geometry,252,4.406176505867,1.4076730264290964,6,6,6,-13989.864445110896,-15057.842587278325,0.07633942032516693,2.6193447411060333e-10,nan
own_geometry,253,4.202036701324899,1.5348180765652002,7,4,6,-329.52866960702306,-518.3830308091748,0.5731044932368664,4.8203219193965197e-11,nan
own_geometry,254,4.406176505867,1.6619631267013049,6,7,6,-12539.095822557232,-13566.132690651111,0.08190677243619823,2.3283064365386963e-10,nan
own_geometry,255,4.202036701324899,1.7891081768374086,7,3,6,-97.06715590362406,-248.2262521408999,1.557263060095822,3.2741809263825417e-11,nan
own_geometry,256,4.406176505867,1.916253226973513,6,7,6,-10320.052131226825,-11140.110479862993,0.07946261687523876,2.3283064365386963e-10,nan
own_geometry,257,4.202036701324899,2.0433982771096177,7,3,6,-3.8045409125890246,-43.92386030063896,10.54511445922351,1.1823431123048067e-11,nan
own_geometry,258,4.406176505867,2.1705433272457215,6,6,6,-7339.036701945465,-8044.731739018887,0.09615635753481833,2.9103830456733704e-10,nan
own_geometry,261,4.406176505867,2.424833427517931,6,5,6,-4116.231446064296,-4698.052602358844,0.1413480179426869,2.3283064365386963e-10,nan
own_geometry,277,4.406176505867,2.6791235277901393,6,5,6,-1566.7218117599587,-1838.88650144962,0.1737160277253869,1.425632945029065e-10,nan
own_geometry,280,4.406176505867,2.9334136280623477,6,4,6,-198.6141519037241,-553.5104439094013,1.7868630639054817,5.638867150992155e-11,nan
own_geometry,362,6.387330576068207,-2.7867858402568295,7,4,6,-417.4345608693954,-994.1140757620375,1.381484833674494,2.1827872842550278e-10,nan
own_geometry,364,6.601274676413868,-2.6519196834798753,7,3,6,-105.13539489424342,-393.362522393874,2.7414851847901525,9.458744898438454e-11,nan
own_geometry,365,6.388171686766625,-2.5338235277901395,6,7,6,-18980.850415906076,-20457.696346519027,0.07780715290687636,5.238689482212067e-10,nan
own_geometry,366,6.811288595232737,-2.512598104861733,6,3,5,0.0,-7.7330588310633255,nan,2.9103830456733704e-11,nan
own_geometry,367,6.608393373533249,-2.406678477654035,6,7,6,-17090.521115105214,-18583.115686666006,0.08733464366054841,5.238689482212067e-10,nan
own_geometry,368,6.8286150602998745,-2.2795334275179306,6,6,6,-12517.605181532494,-13152.102865482419,0.050688424402937214,5.093170329928398e-10,nan
own_geometry,372,7.048836747066499,-2.1523883773818264,6,5,6,-6023.036590596682,-5821.993632568708,-0.03337900326586885,5.722995410906151e-10,nan
own_geometry,373,7.269058433833124,-2.0252433272457218,6,4,6,-905.4417603034883,-1887.597158770159,1.084725093900539,2.6557245291769505e-10,nan
own_geometry,376,7.269058433833124,-1.7709532269735133,6,6,6,-21465.902495877748,-23835.726086196963,0.11039943886702684,6.766640581190586e-10,nan
own_geometry,392,7.489280120599749,-1.6438081768374087,6,5,6,-7988.856434742126,-6693.101306850326,-0.16219532025344574,5.820766091346741e-10,nan
own_geometry,393,7.68690337417645,-1.5018087952457913,6,4,5,-44.36322007414432,-272.31739580392116,5.13835955435148,9.686118573881686e-11,nan
own_geometry,395,7.489280120599749,-1.3895180765652002,6,6,6,-27725.887418749036,-28942.434665557274,0.04387766668869805,1.0477378964424133e-09,nan
own_geometry,396,7.709501807366374,-1.2623730264290958,6,6,6,-12797.181524179621,-9974.580127626592,-0.22056430091421833,2.3283064365386963e-10,nan
own_geometry,397,7.9038302867397014,-1.1232886478940989,6,5,5,-38.13494830668086,-221.9151710551999,4.81920733891024,8.731149137020111e-11,nan
own_geometry,399,7.709501807366374,-1.0080829261568869,6,8,6,-28101.58256468046,-28823.576354675683,0.025692282216968926,4.656612873077393e-10,nan
own_geometry,422,8.144638793483235,-0.4973259503884221,6,4,5,-835.8728716724354,-1715.8470072387531,1.0527607311930622,2.3283064365386963e-10,nan
own_geometry,424,8.149945180899623,-0.2452126253402609,6,5,6,-7408.6388056602145,-6445.61153841626,-0.1299870721877006,4.220055416226387e-10,nan
own_geometry,426,8.149945180899623,0.00907747493194754,6,5,6,-14974.103575924,-12294.405730179973,-0.17895547684420718,3.2014213502407074e-10,nan
own_geometry,427,7.929723494132999,-0.8809378760207828,6,6,6,-9316.797640379642,-6894.212496061258,-0.26002337260377245,5.820766091346741e-10,nan
own_geometry,430,7.929723494132999,-0.626647775748574,6,7,6,-23567.253678428195,-28170.237171665714,0.1953126807240492,5.238689482212067e-10,nan
own_geometry,432,7.929723494132999,-0.37235767547636556,6,7,6,-29054.31703902323,-27698.43423847102,-0.04666717165408171,6.984919309616089e-10,nan
own_geometry,438,8.149945180899623,0.2633675752041569,6,5,6,-19177.471873078157,-18696.927986240953,-0.02505772867339225,1.3969838619232178e-09,nan
own_geometry,440,8.149945180899623,0.5176576754763653,6,5,6,-20259.652438482102,-20485.23872990795,0.011134756240800955,6.402842700481415e-10,nan
own_geometry,442,8.149945180899623,0.7719477757485738,6,5,6,-18570.888754030304,-17747.822313464407,-0.04432025044505601,6.111804395914078e-10,nan
own_geometry,444,8.149945180899623,1.026237876020783,6,5,6,-13698.563348751539,-10505.11767149834,-0.23312267103865633,4.94765117764473e-10,nan
own_geometry,446,8.149945180899623,1.2805279762929915,6,5,6,-5800.42400608663,-5785.684545372883,-0.002541100564075993,4.3655745685100555e-10,nan
own_geometry,456,7.929723494132999,1.4076730264290962,6,7,6,-28695.041995845797,-28126.480862947752,-0.019813915343994126,9.313225746154785e-10,nan
own_geometry,458,8.14954945717306,1.5348115779080669,7,4,6,-335.89846174715274,-895.5584277696953,1.6661581690833287,1.8189894035458565e-10,nan
own_geometry,513,7.929723494132999,1.6619631267013046,6,7,6,-21665.417012922626,-24233.201405658685,0.11851996161460773,6.984919309616089e-10,nan
own_geometry,516,7.929723494132999,1.916253226973513,6,4,6,-6961.769080500397,-6818.873949216119,-0.020525692483038573,4.656612873077393e-10,nan
own_geometry,518,7.709501807366374,2.0433982771096177,6,7,6,-26914.194466346686,-29578.092479170107,0.09897743795209403,2.9103830456733704e-10,nan
own_geometry,520,7.922022796754473,2.1669592221629217,6,3,5,0.0,-1.5389601052959145,nan,1.6370904631912708e-11,nan
own_geometry,521,7.709501807366374,2.297688377381826,6,6,6,-10300.362920088084,-7258.430142763525,-0.295322873662256,3.2741809263825417e-10,nan
own_geometry,542,7.489280120599749,2.424833427517931,6,7,6,-26488.676770958475,-29646.260086356346,0.11920502268576008,9.313225746154785e-10,nan
own_geometry,544,7.704878286742391,2.5485563500631163,6,3,5,0.0,-5.343291420692324,nan,2.1827872842550278e-11,nan
own_geometry,545,7.489280120599749,2.6791235277901393,6,4,6,-5861.505273727258,-6141.34150410784,0.04774135948232922,4.984030965715647e-10,nan
own_geometry,551,7.269058433833124,2.806268577926244,6,6,6,-19106.335862596174,-20199.5940405155,0.057219667118882926,6.984919309616089e-10,nan
own_geometry,553,7.269058433833124,3.0605586781984524,6,4,6,-320.5746002496371,-922.0329678003801,1.876188466217775,1.382431946694851e-10,nan
own_geometry,554,7.048836747066499,3.187703728334557,6,5,6,-3780.0295052441525,-4413.136224307396,0.16748724267493553,2.3283064365386963e-10,nan
own_geometry,557,6.8286150602998745,3.3148487784706617,6,5,6,-8522.112156043946,-8772.623104820854,0.029395406231452082,2.3283064365386963e-10,nan
own_geometry,558,6.608393373533249,3.4419938286067655,6,5,6,-11433.680589977954,-12339.500995660374,0.07922386833828514,4.0745362639427185e-10,nan
own_geometry,559,6.388171686766625,3.5691388787428693,6,6,6,-11504.003281477882,-12762.45384399397,0.1093924029509159,4.0745362639427185e-10,nan
own_geometry,562,6.388171686766625,3.8234289790150786,6,3,6,0.0,-0.7524037840042648,nan,6.821210263296962e-12,nan
one_sided,0,5.10351553389521,-3.748449708623358,8,8,6,-563.88115946132,-1201.2599561377158,1.1303424240761808,394.3695393998969,27.741492904678733
one_sided,1,5.5274406867329535,-4.4792321743318935,33,33,8,-477.32026562001977,-559.7411324425512,0.17267414094700148,0.003272776084486395,329.15013627682555
one_sided,2,5.364739391056437,-4.34151179943077,3,3,4,-244.21235291926467,-317.30117632024917,0.2992838917740876,6.693881005048752e-10,43.696775174527914
one_sided,3,5.479811175351997,-4.3127512002534685,6,7,4,-1767.3107973057226,-2492.066668895699,0.41008965298852446,5.820766091346741e-11,8.293619838576697
one_sided,4,5.335486985834499,-4.1791517843021015,13,13,7,-2898.7787941125853,-3811.4829594374805,0.3148581627472216,0.0008742165809962898,36.96479079577117
one_sided,5,5.479342791778796,-4.059564129423392,5,4,7,-2.156224923677263,-286.0686270352459,131.67105110137564,1.0186340659856796e-10,75.65292850612255
one_sided,6,5.30958827701368,-3.922024475805872,8,8,5,-533.4861205324004,-1292.3453038294122,1.4224534699041411,1443.754976963326,7.224737627443455
one_sided,8,5.2870632529335,-3.678128979015079,6,4,6,-2.1532879421710076,-267.2875746099971,123.12997322620492,2.1827872842550278e-11,5.656197150534916
one_sided,13,5.72750662646675,-3.169548778470661,6,5,6,-217.47481273426453,-769.567426052919,2.5386508275478503,6.093614501878619e-11,6.143970729257634
one_sided,15,4.582680123878616,-3.751872916282149,6,6,6,-826.3706528485218,-1419.276695657777,0.7174819686123802,1.964508555829525e-10,27.501029232854517
one_sided,16,4.84800011240711,-3.640628281554349,9,10,5,-551.4063634644492,-1529.2457119508529,1.7733552118308984,1263.6224053558908,5.364400080924518
one_sided,17,5.066841566166875,-3.550983928878974,6,5,6,-72.45406830851313,-703.8460091344778,8.7143752665132,2.9103830456733704e-11,6.233289810017003
one_sided,18,4.84661987940025,-3.42383887874287,6,3,6,0.0,-65.35555862650571,nan,1.2732925824820995e-11,5.7673760923999895
one_sided,23,4.84661987940025,-2.9152586781984526,6,4,6,-48.61202732342255,-430.1294319971358,7.84821011753789,3.637978807091713e-11,5.469558740973886
one_sided,25,5.2870632529335,-3.42383887874287,6,4,6,0.0,-83.68638636107214,nan,1.0913936421275139e-11,5.473082070971517
one_sided,26,5.507284939700125,-3.2966938286067657,6,5,6,-18.47851537358944,-376.56784873433475,19.378685252633836,3.637978807091713e-11,5.543845262738254
one_sided,35,5.947728313233375,-3.042403728334557,6,5,6,-501.2657267142291,-1160.2917509619638,1.3147238862062565,1.1641532182693481e-10,6.081414248461416
one_sided,37,6.167949999999999,-2.9152586781984526,6,5,6,-607.9708758968009,-1426.2945415688823,1.345991556692572,1.2369127944111824e-10,6.0896449423794765
one_sided,40,6.167949999999999,-2.6609685779262437,6,6,6,-18302.63190959276,-19650.91459401293,0.07366605475540974,7.785274647176266e-10,5.47359211043512
one_sided,75,4.407346364316974,-3.855381693289957,14,14,6,-1208.2192606183362,-1544.8099240352499,0.27858409014656416,0.010740889993030578,463.55473424468374
one_sided,76,4.261377047853079,-3.8148553596637442,35,36,5,-248.80752167836232,-3089.8623057299,11.418685274813425,0.04596297856915044,237.40147854199333
one_sided,77,4.410204175112744,-3.6799280644149452,6,5,5,-186.95461747314152,-697.0331797246848,2.7283549833949556,1.2369127944111824e-10,11.464013782403264
one_sided,78,4.6263981926336255,-3.550983928878974,6,4,6,-11.645149005767433,-270.678836689283,22.243913543332532,2.9103830456733704e-11,6.030914706738938
one_sided,95,4.406176505867,-1.6438081768374084,6,3,6,0.0,-2.8344899125888716,nan,5.093170329928398e-11,5.476265858509943
one_sided,97,4.406176505867,-1.3895180765652,6,4,6,-178.5696405600316,-654.0382803108587,2.6626510433669375,7.275957614183426e-11,5.47626585850994
one_sided,102,4.406176505867,-1.135227976292991,6,5,6,-1331.031765864254,-1737.1022920226299,0.30507951543493744,8.731149137020111e-11,5.476265858509943
one_sided,104,4.406176505867,-0.8809378760207827,6,5,6,-3645.1426575693586,-3105.8675420010773,-0.14794348705350227,7.275957614183391e-11,5.47626585850994
one_sided,106,4.406176505867,-0.6266477757485739,6,6,6,-6703.2342680491865,-6327.217288968805,-0.056094858697190025,1.1641532182693481e-10,5.47626585850994
one_sided,107,4.202036701324899,-0.4995027256124692,7,3,6,0.0,-0.005483996145467618,nan,2.7284841053187847e-11,8.192768325372851
one_sided,108,4.406176505867,-0.3723576754763655,6,7,6,-9627.775010047022,-10016.71470215973,0.040397671498018164,3.4197000786662097e-10,5.476265858509948
one_sided,109,4.202036701324899,-0.2452126253402608,7,3,6,-16.735204722998894,-116.04708737407555,5.934309397159277,2.9103830456733704e-11,8.192768325372839
one_sided,110,4.406176505867,-0.11806757520415613,6,7,6,-11984.716067927027,-13104.212645713144,0.09341035460840527,2.91038304567337e-10,5.476265858509948
one_sided,111,4.202036701324899,0.009077474931947632,7,3,6,-158.80167599971304,-423.2076403559246,1.6650073917147405,3.2741809263825417e-11,8.19276832537285
one_sided,225,4.406176505867,0.1362225250680523,6,7,6,-13648.481366615411,-14862.969511440315,0.08898339032762849,1.1641532182693481e-10,5.4762658585099375
one_sided,226,4.202036701324899,0.263367575204157,7,4,6,-425.8994076729383,-688.0871992444331,0.6156096647423308,1.1641532182693481e-10,8.19276832537285
one_sided,227,4.406176505867,0.39051262534026077,6,6,6,-14653.578594957271,-15368.889320674103,0.04881474658777152,3.4924596548080444e-10,5.476265858509945
one_sided,228,4.202036701324898,0.5176576754763654,7,5,6,-697.9690218817551,-851.3240344230345,0.21971607296814916,8.731149137020111e-11,8.192768325372953
one_sided,229,4.406176505867,0.6448027256124701,6,6,6,-15130.667483753583,-15667.502010377571,0.03547989718235562,2.9103830456733704e-10,5.476265858509945
one_sided,230,4.202036701324898,0.7719477757485739,7,5,6,-849.1180689764135,-929.9391889308577,0.09518242857777318,1.1641532182693481e-10,8.192768325372962
one_sided,231,4.406176505867,0.8990928258846785,6,6,6,-15180.261031028513,-15701.786374397347,0.034355492458452076,3.4924596548080444e-10,5.476265858509937
one_sided,232,4.202036701324898,1.0262378760207833,7,5,6,-814.6505147339238,-914.609755259498,0.12270199148922435,5.3660187404602766e-11,8.192768325372965
one_sided,233,4.406176505867,1.153382926156887,6,6,6,-14822.1225430739,-15482.379643842703,0.044545381327813244,2.9103830456733704e-10,5.476265858509945
one_sided,234,4.202036701324899,1.2805279762929918,7,5,6,-611.3286380740706,-808.9325039252564,0.3232367233338142,7.275957614183426e-11,8.192768325372844
one_sided,252,4.406176505867,1.4076730264290964,6,6,6,-13989.864445110896,-15057.842587278325,0.07633942032516693,2.3283064365386963e-10,5.4762658585099455
one_sided,253,4.202036701324899,1.5348180765652002,7,4,6,-329.52866960702306,-609.9060442427059,0.8508436457745687,6.912159733474255e-11,8.192768325372851
one_sided,254,4.406176505867,1.6619631267013049,6,7,6,-12539.095822557232,-13565.563057947931,0.08186134390520676,2.61934474110603e-10,5.476265858509941
one_sided,255,4.202036701324899,1.7891081768374086,7,3,6,-97.06715590362406,-324.7999747457651,2.346136720728196,4.729372449219227e-11,8.192768325372851
one_sided,256,4.406176505867,1.916253226973513,6,7,6,-10320.052131226825,-11084.19704842076,0.07404467608082664,1.1641532182693481e-10,5.476265858509939
one_sided,257,4.202036701324899,2.0433982771096177,7,3,6,-3.8045409125890246,-58.376990605955235,14.344030185820545,1.4551915228366852e-11,8.192768325372853
one_sided,258,4.406176505867,2.1705433272457215,6,6,6,-7339.036701945465,-7712.337915790486,0.05086515151859971,1.7462298274040222e-10,5.4762658585099455
one_sided,261,4.406176505867,2.424833427517931,6,5,6,-4116.231446064296,-4204.926484148805,0.02154763143100573,1.7462298274040222e-10,5.476635804599969
one_sided,277,4.406176505867,2.6791235277901393,6,5,6,-1566.7218117599587,-1771.3062605066127,0.13058122202105332,1.255102688446641e-10,5.479212111631276
one_sided,280,4.406176505867,2.9334136280623477,6,4,6,-198.6141519037241,-667.9623509194839,2.363115591296188,9.458744898438454e-11,5.484456358701441
one_sided,362,6.387330576068207,-2.7867858402568295,7,4,6,-417.4345608693954,-1132.1351192550437,1.712125984243216,1.6007106751203537e-10,8.072116369886121
one_sided,364,6.601274676413868,-2.6519196834798753,7,3,6,-105.13539489424342,-504.0141259043964,3.7939528491940178,1.4551915228366852e-10,10.178311048605517
one_sided,365,6.388171686766625,-2.5338235277901395,6,7,6,-18980.850415906076,-20456.576568162385,0.07774815774427268,4.0745362639427185e-10,5.489271243158704
one_sided,366,6.811288595232737,-2.512598104861733,6,3,5,0.0,-10.463632522521399,nan,2.9103830456733704e-11,12.603349168737955
one_sided,367,6.608393373533249,-2.406678477654035,6,7,6,-17090.521115105214,-18277.341495541445,0.06944319441419938,4.0745362639427185e-10,5.594271383441653
one_sided,368,6.8286150602998745,-2.2795334275179306,6,6,6,-12517.605181532494,-11900.953257349836,-0.04926277153176374,5.238689482212067e-10,5.83798973995167
one_sided,372,7.048836747066499,-2.1523883773818264,6,5,6,-6023.036590596682,-4086.1794014794204,-0.32157486676091795,5.238689482212067e-10,6.313429333329695
one_sided,373,7.269058433833124,-2.0252433272457218,6,4,6,-905.4417603034883,-1718.6231188655795,0.8981045432337106,2.6193447411060333e-10,7.8016808094485945
one_sided,376,7.269058433833124,-1.7709532269735133,6,6,6,-21465.902495877748,-23489.81279654655,0.09428489210073827,5.529727786779404e-10,5.528667315911271
one_sided,392,7.489280120599749,-1.6438081768374087,6,5,6,-7988.856434742126,-5120.283423433804,-0.3590717939095018,5.820766091346741e-10,6.6765015173161295
one_sided,393,7.68690337417645,-1.5018087952457913,6,4,5,-44.36322007414432,-145.47659137080814,2.2792162319974265,1.2096279533579946e-10,9.369981954977572
one_sided,395,7.489280120599749,-1.3895180765652002,6,6,6,-27725.887418749036,-28942.434665557266,0.043877666688697796,1.1059455573558807e-09,5.494792913818963
one_sided,396,7.709501807366374,-1.2623730264290958,6,6,6,-12797.181524179621,-9079.142402159903,-0.29053578047593315,3.2014213502407074e-10,6.2166216690542075
one_sided,397,7.9038302867397014,-1.1232886478940989,6,5,5,-38.13494830668086,-127.48645197724409,2.343034608359748,1.1641532182693481e-10,8.94269922073938
one_sided,399,7.709501807366374,-1.0080829261568869,6,8,6,-28101.58256468046,-28823.57635467569,0.025692282216969186,3.4924596548080444e-10,5.493806240300085
one_sided,422,8.144638793483235,-0.4973259503884221,6,4,5,-835.8728716724354,-1831.24452881982,1.1908170379495868,2.1827872842550278e-10,8.79696865561967
one_sided,424,8.149945180899623,-0.2452126253402609,6,5,6,-7408.6388056602145,-3885.626335705557,-0.47552763231797307,3.4924596548080444e-10,6.468956837543912
one_sided,426,8.149945180899623,0.00907747493194754,6,5,6,-14974.103575924,-9935.116834507053,-0.33651341570248283,4.0745362639427185e-10,6.07237291147168
one_sided,427,7.929723494132999,-0.8809378760207828,6,6,6,-9316.797640379642,-5540.525141237858,-0.40531872054139706,4.656612873077393e-10,6.649403752084687
one_sided,430,7.929723494132999,-0.626647775748574,6,7,6,-23567.253678428195,-28126.141726651913,0.19344163348131663,4.656612873077393e-10,5.562372778126336
one_sided,432,7.929723494132999,-0.37235767547636556,6,7,6,-29054.31703902323,-27698.434238471007,-0.04666717165408221,9.313225746154785e-10,5.472100096594506
one_sided,438,8.149945180899623,0.2633675752041569,6,5,6,-19177.471873078157,-17418.909666572952,-0.09169937612965143,1.3969838619232178e-09,5.850319622539705
one_sided,440,8.149945180899623,0.5176576754763653,6,5,6,-20259.652438482102,-19394.71779654284,-0.04269247187559684,8.149072527885437e-10,5.729448346017444
one_sided,442,8.149945180899623,0.7719477757485738,6,5,6,-18570.888754030304,-16169.78346231631,-0.1292940431401216,6.984919309616089e-10,5.766024074780172
one_sided,444,8.149945180899623,1.026237876020783,6,5,6,-13698.563348751539,-7829.61930043097,-0.4284350043798902,4.656612873077393e-10,6.003496817801585
one_sided,446,8.149945180899623,1.2805279762929915,6,5,6,-5800.42400608663,-3588.36952171345,-0.3813608250107195,4.3655745685100555e-10,6.451290575452483
one_sided,456,7.929723494132999,1.4076730264290962,6,7,6,-28695.041995845797,-28126.480862947734,-0.01981391534399476,9.313225746154785e-10,5.472904145802717
one_sided,458,8.14954945717306,1.5348115779080669,7,4,6,-335.89846174715274,-891.0954655753692,1.6528715283195923,1.6007106751203537e-10,7.27535271821792
one_sided,513,7.929723494132999,1.6619631267013046,6,7,6,-21665.417012922626,-23745.108504034557,0.09599129755367605,9.313225746154785e-10,5.4871963364986875
one_sided,516,7.929723494132999,1.916253226973513,6,4,6,-6961.769080500397,-4910.699389722073,-0.2946190353430823,4.656612873077393e-10,5.861359701181446
one_sided,518,7.709501807366374,2.0433982771096177,6,7,6,-26914.194466346686,-29571.840008090858,0.09874512666791023,2.3283064365386963e-10,5.472868205760906
one_sided,520,7.922022796754473,2.1669592221629217,6,3,5,0.0,2.2705267369095803,nan,1.6916601452976465e-10,8.479923551751254
one_sided,521,7.709501807366374,2.297688377381826,6,6,6,-10300.362920088084,-5596.238270042711,-0.4566950394409157,4.656612873077393e-10,5.663712977571792
one_sided,542,7.489280120599749,2.424833427517931,6,7,6,-26488.676770958475,-29645.694144135687,0.11918365724627239,1.0477378964424133e-09,5.473466293301938
one_sided,544,7.704878286742391,2.5485563500631163,6,3,5,0.0,8.87539845482995,nan,1.681144112808397e-10,9.048210855774345
one_sided,545,7.489280120599749,2.6791235277901393,6,4,6,-5861.505273727258,-4471.257679935106,-0.23718269094179464,4.656612873077393e-10,5.969702934767911
one_sided,551,7.269058433833124,2.806268577926244,6,6,6,-19106.335862596174,-19470.550527342246,0.019062507189517325,6.984919309616089e-10,5.48634619807598
one_sided,553,7.269058433833124,3.0605586781984524,6,4,6,-320.5746002496371,-983.5426881187126,2.0680618094908656,1.2732925824820995e-10,7.272101040899471
one_sided,554,7.048836747066499,3.187703728334557,6,5,6,-3780.0295052441525,-3426.6685218028924,-0.09348101197385665,2.473825588822365e-10,6.152207316102359
one_sided,557,6.8286150602998745,3.3148487784706617,6,5,6,-8522.112156043946,-7103.459697134913,-0.1664672364001821,3.4924596548080444e-10,5.657280150390762
one_sided,558,6.608393373533249,3.4419938286067655,6,5,6,-11433.680589977954,-11074.428279516012,-0.03142053056623248,4.656612873077393e-10,5.483389003225364
one_sided,559,6.388171686766625,3.5691388787428693,6,6,6,-11504.003281477882,-11915.804564129869,0.03579634606980774,4.0745362639427185e-10,5.473279156664806
one_sided,562,6.388171686766625,3.8234289790150786,6,3,6,0.0,-1.034390648975207,nan,3.637978807091713e-11,7.188025039465256
