source_commit	source_tree	machine	identity	shot	frame	time	boundary_scale	boundary_hypothesis	prediction_support	reference_support	audited_confined_core_over_all_domain	target_current_a	raw_reference_source_current_a	raw_predicted_source_current_a	reference_current_a	predicted_current_a	current_relative_error	reference_centroid_r_m	predicted_centroid_r_m	centroid_r_error_m	reference_centroid_z_m	predicted_centroid_z_m	centroid_z_error_m	reference_variance_rr_m2	predicted_variance_rr_m2	variance_rr_relative_error	reference_variance_zz_m2	predicted_variance_zz_m2	variance_zz_relative_error	reference_covariance_rz_m2	predicted_covariance_rz_m2	covariance_rz_absolute_error_m2	reference_width_rms_m	predicted_width_rms_m	width_rms_relative_error	field_instrument	reference_field_energy_t2_m3	predicted_field_energy_t2_m3	reference_internal_inductance_nova	predicted_internal_inductance_nova	internal_inductance_divided_out_ratio	internal_inductance_relative_error
1583381cb1747ca9242af423b97e28cf9396af63	dc3c1a4b4642c875aaf6aa1a0da5b4df457332b6	MAST	MAST-21978-35	21978	35	0.1899999976158142	0.9	centroid_scaled	boundary_hypothesis_all_domain	reference_boundary_all_domain	0.446883889657346	801493.25	800443.1475461095	716381.7064951805	801493.25	801493.2500000002	2.904960754864369e-16	0.7700458894762363	0.7336642100800826	-0.036381679396153666	-0.00411930115326059	-0.010257308457275753	-0.006138007304015164	0.06541106143080223	0.052513687257650855	-0.19717420709944286	0.2044137811698403	0.18309803574587127	-0.10427743815500636	0.0011748934950576075	0.001452307969621859	0.0002774144745642515	0.5194466696405344	0.4853985197788742	-0.06554695958532585	nova_finite_cell_plasma_field_energy	0.3334903745864579	0.2980066096567702	0.755798744506767	0.6952157296573921	0.9198423981387912	-0.0801576018612088
1583381cb1747ca9242af423b97e28cf9396af63	dc3c1a4b4642c875aaf6aa1a0da5b4df457332b6	MAST	MAST-21978-35	21978	35	0.1899999976158142	0.95	centroid_scaled	boundary_hypothesis_all_domain	reference_boundary_all_domain	0.446883889657346	801493.25	800443.1475461095	807450.097165426	801493.25	801493.25	0.0	0.7700458894762363	0.7298273766876008	-0.04021851278863553	-0.00411930115326059	-0.009223354335871754	-0.005104053182611164	0.06541106143080223	0.05952129292461345	-0.09004239309615109	0.2044137811698403	0.20249598278875747	-0.00938194269538705	0.0011748934950576075	0.0014166943962319366	0.00024180090117432908	0.5194466696405344	0.5118762308540717	-0.014574044322397048	nova_finite_cell_plasma_field_energy	0.3334903745864579	0.29091264206220385	0.755798744506767	0.6787903092842063	0.898109866175001	-0.10189013382499902
1583381cb1747ca9242af423b97e28cf9396af63	dc3c1a4b4642c875aaf6aa1a0da5b4df457332b6	MAST	MAST-21978-35	21978	35	0.1899999976158142	1.0	reference_own	boundary_hypothesis_all_domain	reference_boundary_all_domain	0.446883889657346	801493.25	800443.1475461095	900189.962834666	801493.25	801493.2500000001	1.4524803774321844e-16	0.7700458894762363	0.7262637690591779	-0.04378212041705842	-0.00411930115326059	-0.009708633631117633	-0.005589332477857044	0.06541106143080223	0.0657117633345075	0.004597110903380977	0.2044137811698403	0.2245789186532088	0.09864862030321724	0.0011748934950576075	0.0016841389750970792	0.0005092454800394717	0.5194466696405344	0.5387863045658421	0.03723122325279513	nova_finite_cell_plasma_field_energy	0.3334903745864579	0.27801614421073884	0.755798744506767	0.630075914507732	0.8336556776353453	-0.1663443223646547
1583381cb1747ca9242af423b97e28cf9396af63	dc3c1a4b4642c875aaf6aa1a0da5b4df457332b6	MAST	MAST-21978-35	21978	35	0.1899999976158142	1.05	centroid_scaled	boundary_hypothesis_all_domain	reference_boundary_all_domain	0.446883889657346	801493.25	800443.1475461095	1005096.0506656936	801493.25	801493.25	0.0	0.7700458894762363	0.720385336809087	-0.049660552667149305	-0.00411930115326059	-0.009106497329385971	-0.004987196176125382	0.06541106143080223	0.07325995250061579	0.11999332984554646	0.2044137811698403	0.2469134063223893	0.20790978430773	0.0011748934950576075	0.001792949878245197	0.0006180563831875894	0.5194466696405344	0.5658386332012026	0.08931034940078104	nova_finite_cell_plasma_field_energy	0.3334903745864579	0.2794486475587825	0.755798744506767	0.6402489261392266	0.8471156254130218	-0.15288437458697823
1583381cb1747ca9242af423b97e28cf9396af63	dc3c1a4b4642c875aaf6aa1a0da5b4df457332b6	MAST	MAST-21978-35	21978	35	0.1899999976158142	1.1	centroid_scaled	boundary_hypothesis_all_domain	reference_boundary_all_domain	0.446883889657346	801493.25	800443.1475461095	1114960.3601796553	801493.25	801493.25	0.0	0.7700458894762363	0.7158615190286911	-0.054184370447545205	-0.00411930115326059	-0.009734737973075828	-0.005615436819815239	0.06541106143080223	0.08099486933804381	0.23824422913129986	0.2044137811698403	0.26975442988529647	0.3196489411893756	0.0011748934950576075	0.002100439309089423	0.0009255458140318153	0.5194466696405344	0.5922409131623214	0.14013805030680396	nova_finite_cell_plasma_field_energy	0.3334903745864579	0.26962912063876204	0.755798744506767	0.5984566004527421	0.7918200510418867	-0.20817994895811337
1583381cb1747ca9242af423b97e28cf9396af63	dc3c1a4b4642c875aaf6aa1a0da5b4df457332b6	MAST	MAST-21983-35	21983	35	0.1899999976158142	0.9	centroid_scaled	boundary_hypothesis_all_domain	reference_boundary_all_domain	0.446883889657346	813718.375	813165.6799230255	751300.6689896099	813718.3750000001	813718.375	-1.430658633300923e-16	0.7713405254535441	0.7251499599679985	-0.046190565485545676	0.0032883626339803027	0.0003862627495939337	-0.002902099884386369	0.06595891925684269	0.05334494804402128	-0.19123981039930113	0.19537892714709634	0.17929802958329508	-0.08230620261157605	0.000513592717595769	0.0007062020712962047	0.00019260935370043564	0.5112121344451235	0.48233077615606945	-0.056495838699921	nova_finite_cell_plasma_field_energy	0.3702975073698165	0.3123026305380098	0.8191573185927332	0.7127669220622423	0.8701221436765484	-0.12987785632345158
1583381cb1747ca9242af423b97e28cf9396af63	dc3c1a4b4642c875aaf6aa1a0da5b4df457332b6	MAST	MAST-21983-35	21983	35	0.1899999976158142	0.95	centroid_scaled	boundary_hypothesis_all_domain	reference_boundary_all_domain	0.446883889657346	813718.375	813165.6799230255	845112.7558525768	813718.3750000001	813718.3749999999	-2.861317266601846e-16	0.7713405254535441	0.7222267256265713	-0.04911379982697284	0.0032883626339803027	0.00034287877748218884	-0.002945483856498114	0.06595891925684269	0.06008708758891732	-0.08902255728388417	0.19537892714709634	0.1988494360069626	0.017762964054221557	0.000513592717595769	0.0006618308238928153	0.00014823810629704622	0.5112121344451235	0.5088580583973098	-0.004604890786422403	nova_finite_cell_plasma_field_energy	0.3702975073698165	0.2999612377811333	0.8191573185927332	0.682806075895434	0.8335469395164007	-0.1664530604835993
1583381cb1747ca9242af423b97e28cf9396af63	dc3c1a4b4642c875aaf6aa1a0da5b4df457332b6	MAST	MAST-21983-35	21983	35	0.1899999976158142	1.0	reference_own	boundary_hypothesis_all_domain	reference_boundary_all_domain	0.446883889657346	813718.375	813165.6799230255	943937.8604267959	813718.3750000001	813718.375	-1.430658633300923e-16	0.7713405254535441	0.7182477692124131	-0.05309275624113108	0.0032883626339803027	0.0002365211976586811	-0.0030518414363216216	0.06595891925684269	0.0666951387994703	0.011161789048737774	0.19537892714709634	0.22015715256283705	0.1268213812899369	0.000513592717595769	0.0008113279497117534	0.00029773523211598435	0.5112121344451235	0.5355859327524457	0.04767844240195486	nova_finite_cell_plasma_field_energy	0.3702975073698165	0.2991092551176988	0.8191573185927332	0.661677517434069	0.8077538983241879	-0.19224610167581213
1583381cb1747ca9242af423b97e28cf9396af63	dc3c1a4b4642c875aaf6aa1a0da5b4df457332b6	MAST	MAST-21983-35	21983	35	0.1899999976158142	1.05	centroid_scaled	boundary_hypothesis_all_domain	reference_boundary_all_domain	0.446883889657346	813718.375	813165.6799230255	1053931.2239777553	813718.3750000001	813718.375	-1.430658633300923e-16	0.7713405254535441	0.712273487075991	-0.059067038377553116	0.0032883626339803027	0.00026656240061651997	-0.0030218002333637826	0.06595891925684269	0.07409948548946203	0.1234187328164087	0.19537892714709634	0.24290170795719215	0.2432339121931865	0.000513592717595769	0.0007757269916729207	0.0002621342740771516	0.5112121344451235	0.563028590256884	0.10135998799794299	nova_finite_cell_plasma_field_energy	0.3702975073698165	0.28724735495990295	0.8191573185927332	0.6404196326999918	0.7818029799211184	-0.2181970200788816
1583381cb1747ca9242af423b97e28cf9396af63	dc3c1a4b4642c875aaf6aa1a0da5b4df457332b6	MAST	MAST-21983-35	21983	35	0.1899999976158142	1.1	centroid_scaled	boundary_hypothesis_all_domain	reference_boundary_all_domain	0.446883889657346	813718.375	813165.6799230255	1168452.5349317088	813718.3750000001	813718.375	-1.430658633300923e-16	0.7713405254535441	0.7085194989108035	-0.06282102654274069	0.0032883626339803027	0.0001041517938139174	-0.003184210840166385	0.06595891925684269	0.08182082421682381	0.24048157760461755	0.19537892714709634	0.2660377390863274	0.36165011739486946	0.000513592717595769	0.0009749631451477007	0.0004613704275519317	0.5112121344451235	0.589795357139365	0.153719400224208	nova_finite_cell_plasma_field_energy	0.3702975073698165	0.2831100775371324	0.8191573185927332	0.6148575288705962	0.7505976140540224	-0.24940238594597766
1583381cb1747ca9242af423b97e28cf9396af63	dc3c1a4b4642c875aaf6aa1a0da5b4df457332b6	MAST	MAST-21985-51	21985	51	0.2750000059604645	0.9	centroid_scaled	boundary_hypothesis_all_domain	reference_boundary_all_domain	0.446883889657346	934383.875	934020.0992115922	930278.168300028	934383.875	934383.8750000001	1.2459046537691462e-16	0.7931345731235669	0.7317394255821736	-0.0613951475413933	0.0032153200134130864	0.0006053714614863773	-0.002609948551926709	0.05752097244620583	0.0478546387200716	-0.16804885792176555	0.14475276132891846	0.1386582357612012	-0.04210300039713093	0.0001662604142408505	0.00034855038758056106	0.00018228997333971056	0.44974852281594463	0.43187136334940385	-0.039749234426850674	nova_finite_cell_plasma_field_energy	0.5754043830512744	0.4515118252152974	0.9940201664309499	0.7942228974683365	0.799000789209348	-0.20099921079065192
1583381cb1747ca9242af423b97e28cf9396af63	dc3c1a4b4642c875aaf6aa1a0da5b4df457332b6	MAST	MAST-21985-51	21985	51	0.2750000059604645	0.95	centroid_scaled	boundary_hypothesis_all_domain	reference_boundary_all_domain	0.446883889657346	934383.875	934020.0992115922	1044954.8681325234	934383.875	934383.875	0.0	0.7931345731235669	0.728272657117668	-0.06486191600589897	0.0032153200134130864	0.00044105774320841654	-0.00277426227020467	0.05752097244620583	0.05357635624867557	-0.06857700817244188	0.14475276132891846	0.15492190772714937	0.07025183011966028	0.0001662604142408505	0.00047327382701052443	0.00030701341276967393	0.44974852281594463	0.45661610131030744	0.015269818900935681	nova_finite_cell_plasma_field_energy	0.5754043830512744	0.4421428156920134	0.9940201664309499	0.7571594104541989	0.7617143354070929	-0.23828566459290712
1583381cb1747ca9242af423b97e28cf9396af63	dc3c1a4b4642c875aaf6aa1a0da5b4df457332b6	MAST	MAST-21985-51	21985	51	0.2750000059604645	1.0	reference_own	boundary_hypothesis_all_domain	reference_boundary_all_domain	0.446883889657346	934383.875	934020.0992115922	1165061.6715996768	934383.875	934383.875	0.0	0.7931345731235669	0.7259968226673434	-0.0671377504562235	0.0032153200134130864	0.0005339975337324578	-0.0026813224796806284	0.05752097244620583	0.05947116539047288	0.03390403293495932	0.14475276132891846	0.17123587806184729	0.18295413842055722	0.0001662604142408505	0.0004652868523329278	0.0002990264380920773	0.44974852281594463	0.48031973044246284	0.06797400341663645	nova_finite_cell_plasma_field_energy	0.5754043830512744	0.4391228070226741	0.9940201664309499	0.7585915898061696	0.7631551304737694	-0.23684486952623057
1583381cb1747ca9242af423b97e28cf9396af63	dc3c1a4b4642c875aaf6aa1a0da5b4df457332b6	MAST	MAST-21985-51	21985	51	0.2750000059604645	1.05	centroid_scaled	boundary_hypothesis_all_domain	reference_boundary_all_domain	0.446883889657346	934383.875	934020.0992115922	1298249.7390043132	934383.875	934383.8749999999	-1.2459046537691462e-16	0.7931345731235669	0.7220098090209107	-0.07112476410265622	0.0032153200134130864	0.0005693140083694949	-0.0026460060050435916	0.05752097244620583	0.06643673061527582	0.15500012934252955	0.14475276132891846	0.18838421961636975	0.3014205593516003	0.0001662604142408505	0.0005615577980110853	0.00039529738377023485	0.44974852281594463	0.5047979300984163	0.12240041821104583	nova_finite_cell_plasma_field_energy	0.5754043830512744	0.4300609247968723	0.9940201664309499	0.7206829748092829	0.725018464561851	-0.274981535438149
1583381cb1747ca9242af423b97e28cf9396af63	dc3c1a4b4642c875aaf6aa1a0da5b4df457332b6	MAST	MAST-21985-51	21985	51	0.2750000059604645	1.1	centroid_scaled	boundary_hypothesis_all_domain	reference_boundary_all_domain	0.446883889657346	934383.875	934020.0992115922	1434850.3840763825	934383.875	934383.8749999998	-2.4918093075382924e-16	0.7931345731235669	0.7179901588327919	-0.07514441429077501	0.0032153200134130864	0.000525350303195816	-0.0026899697102172704	0.05752097244620583	0.07282231075877349	0.2660132063462177	0.14475276132891846	0.20651206294645946	0.42665370284168	0.0001662604142408505	0.0006303662136125863	0.0004641057993717358	0.44974852281594463	0.5285209302432903	0.17514767349126462	nova_finite_cell_plasma_field_energy	0.5754043830512744	0.41577082921339764	0.9940201664309499	0.6930156870449182	0.6971847357314747	-0.3028152642685254
1583381cb1747ca9242af423b97e28cf9396af63	dc3c1a4b4642c875aaf6aa1a0da5b4df457332b6	MAST	MAST-21986-46	21986	46	0.25	0.9	centroid_scaled	boundary_hypothesis_all_domain	reference_boundary_all_domain	0.446883889657346	874260.4375	874307.2799384326	815534.0210248424	874260.4375	874260.4375	0.0	0.7995247864306987	0.765066793630714	-0.03445799279998474	0.09889428493417934	0.1160922967426227	0.017198011808443353	0.0553854462112085	0.04524711889846015	-0.18305038609035582	0.13820205250858764	0.12758643722421104	-0.07681228383867139	-0.002728270640018511	-0.002764602537679456	-3.6331897660945266e-05	0.4399857937704309	0.4157325535998729	-0.055122780130516004	nova_finite_cell_plasma_field_energy	0.47124203897981776	0.3987134762719939	0.8801763479616864	0.7594536746778217	0.8628426297032016	-0.13715737029679848
1583381cb1747ca9242af423b97e28cf9396af63	dc3c1a4b4642c875aaf6aa1a0da5b4df457332b6	MAST	MAST-21986-46	21986	46	0.25	0.95	centroid_scaled	boundary_hypothesis_all_domain	reference_boundary_all_domain	0.446883889657346	874260.4375	874307.2799384326	913031.4962619551	874260.4375	874260.4375	0.0	0.7995247864306987	0.7606225600199014	-0.038902226410797325	0.09889428493417934	0.11606525619148549	0.017170971257306142	0.0553854462112085	0.05050565004277236	-0.08810610913609651	0.13820205250858764	0.14054559861164923	0.016957389999080984	-0.002728270640018511	-0.0029992318220105224	-0.0002709611819920114	0.4399857937704309	0.43709409588144926	-0.006572252854351073	nova_finite_cell_plasma_field_energy	0.47124203897981776	0.3876439383491945	0.8801763479616864	0.7237802682385681	0.822312789834332	-0.17768721016566802
1583381cb1747ca9242af423b97e28cf9396af63	dc3c1a4b4642c875aaf6aa1a0da5b4df457332b6	MAST	MAST-21986-46	21986	46	0.25	1.0	reference_own	boundary_hypothesis_all_domain	reference_boundary_all_domain	0.446883889657346	874260.4375	874307.2799384326	1021304.7149602817	874260.4375	874260.4375	0.0	0.7995247864306987	0.7557624491448919	-0.04376233728580681	0.09889428493417934	0.11552863937943583	0.01663435444525649	0.0553854462112085	0.055989700439248946	0.0109099821230322	0.13820205250858764	0.15706461093009172	0.13648537108616385	-0.002728270640018511	-0.00329073578996747	-0.0005624651499489589	0.4399857937704309	0.46157806638676047	0.04907493133197763	nova_finite_cell_plasma_field_energy	0.47124203897981776	0.38812443942301117	0.8801763479616864	0.7249309768406581	0.8236201512565684	-0.17637984874343166
1583381cb1747ca9242af423b97e28cf9396af63	dc3c1a4b4642c875aaf6aa1a0da5b4df457332b6	MAST	MAST-21986-46	21986	46	0.25	1.05	centroid_scaled	boundary_hypothesis_all_domain	reference_boundary_all_domain	0.446883889657346	874260.4375	874307.2799384326	1136412.4110792864	874260.4375	874260.4375	0.0	0.7995247864306987	0.7498022220151414	-0.049722564415557335	0.09889428493417934	0.11524169496066335	0.016347410026484002	0.0553854462112085	0.062246389891987816	0.12387629151917619	0.13820205250858764	0.1717623532148413	0.2428350382435042	-0.002728270640018511	-0.00349503470505678	-0.0007667640650382691	0.4399857937704309	0.48374450188795853	0.09945482044440596	nova_finite_cell_plasma_field_energy	0.47124203897981776	0.3781812481046989	0.8801763479616864	0.6953018186193771	0.7899573991388862	-0.2100426008611138
1583381cb1747ca9242af423b97e28cf9396af63	dc3c1a4b4642c875aaf6aa1a0da5b4df457332b6	MAST	MAST-21986-46	21986	46	0.25	1.1	centroid_scaled	boundary_hypothesis_all_domain	reference_boundary_all_domain	0.446883889657346	874260.4375	874307.2799384326	1256617.2167588652	874260.4375	874260.4375	0.0	0.7995247864306987	0.7444716231131819	-0.05505316331751675	0.09889428493417934	0.11545724553039362	0.016562960596214274	0.0553854462112085	0.06807760147145182	0.2291604767765648	0.13820205250858764	0.1886805217983614	0.3652512272684019	-0.002728270640018511	-0.00385623563364973	-0.001127964993631219	0.4399857937704309	0.5067130581204843	0.15165777007988882	nova_finite_cell_plasma_field_energy	0.47124203897981776	0.3673279917912546	0.8801763479616864	0.6698619239985868	0.7610542200433514	-0.23894577995664854
1583381cb1747ca9242af423b97e28cf9396af63	dc3c1a4b4642c875aaf6aa1a0da5b4df457332b6	MAST	MAST-21989-55	21989	55	0.29499998688697815	0.9	centroid_scaled	boundary_hypothesis_all_domain	reference_boundary_all_domain	0.446883889657346	928902.8125	927772.9372723118	890423.2721081122	928902.8125	928902.8125000002	2.506512420037157e-16	0.8100958302708485	0.7548464339419741	-0.05524939632887438	0.012586049153551354	0.015161632958188332	0.002575583804636978	0.05845498678359194	0.048194027542265816	-0.1755360800835273	0.149340843007395	0.14024003349662156	-0.06093985628782602	-0.00044711810425577213	-0.0005141456248961871	-6.7027520640415e-05	0.4558462786850266	0.43408992275666497	-0.04772739615451479	nova_finite_cell_plasma_field_energy	0.5601632618942377	0.448042386725727	0.9439028471116256	0.7809625748693619	0.8273760136004819	-0.17262398639951812
1583381cb1747ca9242af423b97e28cf9396af63	dc3c1a4b4642c875aaf6aa1a0da5b4df457332b6	MAST	MAST-21989-55	21989	55	0.29499998688697815	0.95	centroid_scaled	boundary_hypothesis_all_domain	reference_boundary_all_domain	0.446883889657346	928902.8125	927772.9372723118	999954.4068167913	928902.8125	928902.8125	0.0	0.8100958302708485	0.7536307078192455	-0.05646512245160307	0.012586049153551354	0.015224269480799616	0.0026382203272482616	0.05845498678359194	0.05458272964178644	-0.06624340120272557	0.149340843007395	0.15508083543466736	0.03843551644467499	-0.00044711810425577213	-0.0006370966915251305	-0.0001899785872693584	0.4558462786850266	0.4578903417593057	0.004484106089832747	nova_finite_cell_plasma_field_energy	0.5601632618942377	0.4545532657273961	0.9439028471116256	0.7803003237165229	0.8266744041553302	-0.17332559584466975
1583381cb1747ca9242af423b97e28cf9396af63	dc3c1a4b4642c875aaf6aa1a0da5b4df457332b6	MAST	MAST-21989-55	21989	55	0.29499998688697815	1.0	reference_own	boundary_hypothesis_all_domain	reference_boundary_all_domain	0.446883889657346	928902.8125	927772.9372723118	1114337.3739935963	928902.8125	928902.8125000001	1.2532562100185784e-16	0.8100958302708485	0.7503296987422887	-0.05976613152855981	0.012586049153551354	0.014489090763915214	0.0019030416103638596	0.05845498678359194	0.06038963800894717	0.03309642738467402	0.149340843007395	0.17181116738683153	0.1504633556831057	-0.00044711810425577213	-0.0005501869656374066	-0.00010306886138163442	0.4558462786850266	0.48187218782139596	0.05709360886184253	nova_finite_cell_plasma_field_energy	0.5601632618942377	0.4403614009176883	0.9439028471116256	0.7420307763109764	0.7861304567325074	-0.2138695432674926
1583381cb1747ca9242af423b97e28cf9396af63	dc3c1a4b4642c875aaf6aa1a0da5b4df457332b6	MAST	MAST-21989-55	21989	55	0.29499998688697815	1.05	centroid_scaled	boundary_hypothesis_all_domain	reference_boundary_all_domain	0.446883889657346	928902.8125	927772.9372723118	1239524.4604156732	928902.8125	928902.8124999999	-1.2532562100185784e-16	0.8100958302708485	0.7488030704781813	-0.06129275979266724	0.012586049153551354	0.014637289827161797	0.0020512406736104428	0.05845498678359194	0.06734620949905468	0.15210375033321302	0.149340843007395	0.18925195015302598	0.2672484388189417	-0.00044711810425577213	-0.0006740350706936748	-0.00022691696643790265	0.4558462786850266	0.5065551891473234	0.1112412513459058	nova_finite_cell_plasma_field_energy	0.5601632618942377	0.4459018951623173	0.9439028471116256	0.7505691571163438	0.7951762826154307	-0.20482371738456925
1583381cb1747ca9242af423b97e28cf9396af63	dc3c1a4b4642c875aaf6aa1a0da5b4df457332b6	MAST	MAST-21989-55	21989	55	0.29499998688697815	1.1	centroid_scaled	boundary_hypothesis_all_domain	reference_boundary_all_domain	0.446883889657346	928902.8125	927772.9372723118	1370622.0547836553	928902.8125	928902.8125	0.0	0.8100958302708485	0.7447774425041253	-0.06531838776672327	0.012586049153551354	0.014807625546085642	0.0022215763925342875	0.05845498678359194	0.07428374707085637	0.2707854566089389	0.149340843007395	0.20649516044354999	0.3827105585129504	-0.00044711810425577213	-0.0006420771027633408	-0.0001949589985075687	0.4558462786850266	0.5298857494917243	0.16242201432526407	nova_finite_cell_plasma_field_energy	0.5601632618942377	0.43185559641887944	0.9439028471116256	0.7138378966260588	0.7562620441398462	-0.24373795586015373
1583381cb1747ca9242af423b97e28cf9396af63	dc3c1a4b4642c875aaf6aa1a0da5b4df457332b6	MAST	MAST-22086-43	22086	43	0.22999998927116394	0.9	centroid_scaled	boundary_hypothesis_all_domain	reference_boundary_all_domain	0.446883889657346	933034.875	932514.174179182	845594.1815851565	933034.8750000001	933034.875	-1.2477060069907334e-16	0.7781594025789569	0.7402048047581838	-0.03795459782077304	0.0026074364392189614	0.00038204594173488356	-0.002225390497484078	0.06234078883361175	0.05004113865748154	-0.19729699296808886	0.18823718309707285	0.17145759941460512	-0.08914064376863629	0.00024497590952183657	0.0003707772590602312	0.00012580134953839463	0.5005776382647197	0.4706365243710762	-0.05981312708541276	nova_finite_cell_plasma_field_energy	0.4812960330669762	0.40451353279265523	0.8097130771109056	0.6930575082593495	0.8559297457961422	-0.14407025420385774
1583381cb1747ca9242af423b97e28cf9396af63	dc3c1a4b4642c875aaf6aa1a0da5b4df457332b6	MAST	MAST-22086-43	22086	43	0.22999998927116394	0.95	centroid_scaled	boundary_hypothesis_all_domain	reference_boundary_all_domain	0.446883889657346	933034.875	932514.174179182	954304.0434588399	933034.8750000001	933034.875	-1.2477060069907334e-16	0.7781594025789569	0.7365217167464888	-0.041637685832468074	0.0026074364392189614	0.000308322551262983	-0.0022991138879559785	0.06234078883361175	0.0568108714069663	-0.088704643141505	0.18823718309707285	0.19088838188059964	0.014084352198149843	0.00024497590952183657	0.00036217537700061823	0.00011719946747878166	0.5005776382647197	0.4976939353534117	-0.0057607505626988825	nova_finite_cell_plasma_field_energy	0.4812960330669762	0.4099109396184547	0.8097130771109056	0.7022000189111424	0.8672207955645538	-0.13277920443544627
1583381cb1747ca9242af423b97e28cf9396af63	dc3c1a4b4642c875aaf6aa1a0da5b4df457332b6	MAST	MAST-22086-43	22086	43	0.22999998927116394	1.0	reference_own	boundary_hypothesis_all_domain	reference_boundary_all_domain	0.446883889657346	933034.875	932514.174179182	1065364.20526102	933034.8750000001	933034.8749999999	-2.495412013981467e-16	0.7781594025789569	0.7319836459125536	-0.04617575666640328	0.0026074364392189614	8.664148234654842e-05	-0.002520794956872413	0.06234078883361175	0.06289687911997532	0.008920167626492262	0.18823718309707285	0.2114593535430305	0.12336654248582812	0.00024497590952183657	0.00046668691547127004	0.00022171100594943347	0.5005776382647197	0.5237902563650891	0.0463716641055667	nova_finite_cell_plasma_field_energy	0.4812960330669762	0.3957811609777293	0.8097130771109056	0.6658462977051136	0.8223237545833947	-0.17767624541660537
1583381cb1747ca9242af423b97e28cf9396af63	dc3c1a4b4642c875aaf6aa1a0da5b4df457332b6	MAST	MAST-22086-43	22086	43	0.22999998927116394	1.05	centroid_scaled	boundary_hypothesis_all_domain	reference_boundary_all_domain	0.446883889657346	933034.875	932514.174179182	1185169.4997009817	933034.8750000001	933034.875	-1.2477060069907334e-16	0.7781594025789569	0.7281632487146323	-0.049996153864324544	0.0026074364392189614	0.00030791773837070247	-0.002299518700848259	0.06234078883361175	0.06980092802601741	0.1196670644049252	0.18823718309707285	0.23223613374555274	0.23374207967078364	0.00024497590952183657	0.00043760890166856205	0.0001926329921467255	0.5005776382647197	0.5495789859261089	0.0978896057587692	nova_finite_cell_plasma_field_energy	0.4812960330669762	0.39028335484689475	0.8097130771109056	0.6535033770900348	0.8070801813177646	-0.19291981868223534
1583381cb1747ca9242af423b97e28cf9396af63	dc3c1a4b4642c875aaf6aa1a0da5b4df457332b6	MAST	MAST-22086-43	22086	43	0.22999998927116394	1.1	centroid_scaled	boundary_hypothesis_all_domain	reference_boundary_all_domain	0.446883889657346	933034.875	932514.174179182	1316785.6464870505	933034.8750000001	933034.875	-1.2477060069907334e-16	0.7781594025789569	0.7221313801920707	-0.0560280223868862	0.0026074364392189614	0.00019539601315155376	-0.0024120404260674078	0.06234078883361175	0.07727234862768807	0.23951509234072765	0.18823718309707285	0.2545770358046753	0.352426930833274	0.00024497590952183657	0.0005519254603675956	0.000306949550845759	0.5005776382647197	0.5760636982420984	0.15079790667249002	nova_finite_cell_plasma_field_energy	0.4812960330669762	0.38130806143976803	0.8097130771109056	0.625663237016176	0.7726974587696817	-0.22730254123031837
1583381cb1747ca9242af423b97e28cf9396af63	dc3c1a4b4642c875aaf6aa1a0da5b4df457332b6	DIII-D	DIII-D-d3d_shot_00f40d3919-54	d3d_shot_00f40d3919.parquet	54	1540.0	0.9	centroid_scaled	boundary_hypothesis_all_domain	reference_boundary_all_domain	0.446883889657346	1283728.2760441303	1339611.7599085206	1115590.6952824723	1283728.2760441303	1283728.2760441303	0.0	1.7013060975363785	1.6871179961549245	-0.014188101381453988	-0.030790681220577792	-0.04175370433330387	-0.01096302311272608	0.06660994802771279	0.053698161040052754	-0.1938417213940498	0.19101111008255825	0.16160938975185932	-0.15392675493059546	-0.00340737902788079	-0.0020004207750881292	0.0014069582527926608	0.5075638463388336	0.4640124468071003	-0.08580477085962447	nova_finite_cell_plasma_field_energy	1.7460385701429586	1.6182201316738472	0.7780522049060589	0.7236841677241602	0.9301228929895996	-0.06987710701040038
1583381cb1747ca9242af423b97e28cf9396af63	dc3c1a4b4642c875aaf6aa1a0da5b4df457332b6	DIII-D	DIII-D-d3d_shot_00f40d3919-54	d3d_shot_00f40d3919.parquet	54	1540.0	0.95	centroid_scaled	boundary_hypothesis_all_domain	reference_boundary_all_domain	0.446883889657346	1283728.2760441303	1339611.7599085206	1241913.2413176552	1283728.2760441303	1283728.2760441303	0.0	1.7013060975363785	1.684945315906326	-0.016360781630052612	-0.030790681220577792	-0.037385033802618144	-0.006594352582040351	0.06660994802771279	0.0600751124455092	-0.09810600031522022	0.19101111008255825	0.1778773394293501	-0.06875919755417109	-0.00340737902788079	-0.0019398480954987663	0.0014675309323820237	0.5075638463388336	0.4878037021947038	-0.03893134683777003	nova_finite_cell_plasma_field_energy	1.7460385701429586	1.6540222534798188	0.7780522049060589	0.7401795936806024	0.9513238173651481	-0.048676182634851836
1583381cb1747ca9242af423b97e28cf9396af63	dc3c1a4b4642c875aaf6aa1a0da5b4df457332b6	DIII-D	DIII-D-d3d_shot_00f40d3919-54	d3d_shot_00f40d3919.parquet	54	1540.0	1.0	reference_own	boundary_hypothesis_all_domain	reference_boundary_all_domain	0.446883889657346	1283728.2760441303	1339611.7599085206	1374968.435989609	1283728.2760441303	1283728.2760441303	0.0	1.7013060975363785	1.68678362656687	-0.014522470969508428	-0.030790681220577792	-0.03474808755307713	-0.003957406332499337	0.06660994802771279	0.06666212188181303	0.000783274205206268	0.19101111008255825	0.1973125651808242	0.03298999254829924	-0.00340737902788079	-0.003288651136012871	0.00011872789186791882	0.5075638463388336	0.5137846699373554	0.01225623858632556	nova_finite_cell_plasma_field_energy	1.7460385701429586	1.6541459682588173	0.7780522049060589	0.7371039448085417	0.9473708064326336	-0.052629193567366374
1583381cb1747ca9242af423b97e28cf9396af63	dc3c1a4b4642c875aaf6aa1a0da5b4df457332b6	DIII-D	DIII-D-d3d_shot_00f40d3919-54	d3d_shot_00f40d3919.parquet	54	1540.0	1.05	centroid_scaled	boundary_hypothesis_all_domain	reference_boundary_all_domain	0.446883889657346	1283728.2760441303	1339611.7599085206	1521665.8501245892	1283728.2760441303	1283728.2760441303	0.0	1.7013060975363785	1.6866045458812995	-0.014701551655079026	-0.030790681220577792	-0.039256173656495495	-0.008465492435917703	0.06660994802771279	0.07371748107976644	0.10670377717599468	0.19101111008255825	0.21683290448921663	0.1351847774482739	-0.00340737902788079	-0.0025300982416311913	0.0008772807862495987	0.5075638463388336	0.5390272586511586	0.061989072979246634	nova_finite_cell_plasma_field_energy	1.7460385701429586	1.6923465302603178	0.7780522049060589	0.752758697686836	0.9674912466544879	-0.03250875334551203
1583381cb1747ca9242af423b97e28cf9396af63	dc3c1a4b4642c875aaf6aa1a0da5b4df457332b6	DIII-D	DIII-D-d3d_shot_00f40d3919-54	d3d_shot_00f40d3919.parquet	54	1540.0	1.1	centroid_scaled	boundary_hypothesis_all_domain	reference_boundary_all_domain	0.446883889657346	1283728.2760441303	1339611.7599085206	1674516.0314142471	1283728.2760441303	1283728.2760441303	0.0	1.7013060975363785	1.6894859526478345	-0.011820144888543993	-0.030790681220577792	-0.035524438302556104	-0.004733757081978311	0.06660994802771279	0.08124505080327873	0.21971346936762462	0.19101111008255825	0.23917564429009908	0.2521556687813777	-0.00340737902788079	-0.0020102591075972036	0.0013971199202835864	0.5075638463388336	0.5660571482574686	0.11524323952653381	nova_finite_cell_plasma_field_energy	1.7460385701429586	1.6943655737740622	0.7780522049060589	0.7495540758455645	0.9633724718202744	-0.03662752817972561
1583381cb1747ca9242af423b97e28cf9396af63	dc3c1a4b4642c875aaf6aa1a0da5b4df457332b6	DIII-D	DIII-D-d3d_shot_0112bdc95d-96	d3d_shot_0112bdc95d.parquet	96	2080.0	0.9	centroid_scaled	boundary_hypothesis_all_domain	reference_boundary_all_domain	0.446883889657346	1252508.2535743713	1269381.2869493836	1257343.3234601528	1252508.253574371	1252508.2535743709	-1.858915044986126e-16	1.684005677842498	1.6547599125496775	-0.029245765292820636	-0.02507368739363349	-0.00696238625606302	0.018111301137570472	0.05061906567683887	0.04217758820443426	-0.1667647823904238	0.12690315101619531	0.12317011354944879	-0.029416428487816795	-0.0017816383129457168	-0.0027586947170138826	-0.0009770564040681659	0.4213338541976353	0.40662968626734947	-0.03489908960268013	nova_finite_cell_plasma_field_energy	2.3087376787773866	1.9420137843454288	1.085975726283547	0.9177190321357103	0.8450640377353102	-0.15493596226468978
1583381cb1747ca9242af423b97e28cf9396af63	dc3c1a4b4642c875aaf6aa1a0da5b4df457332b6	DIII-D	DIII-D-d3d_shot_0112bdc95d-96	d3d_shot_0112bdc95d.parquet	96	2080.0	0.95	centroid_scaled	boundary_hypothesis_all_domain	reference_boundary_all_domain	0.446883889657346	1252508.2535743713	1269381.2869493836	1403787.0496468972	1252508.253574371	1252508.2535743713	1.858915044986126e-16	1.684005677842498	1.652160832039543	-0.03184484580295521	-0.02507368739363349	-0.007875078351704605	0.017198609041928888	0.05061906567683887	0.04714731178919735	-0.06858589429140814	0.12690315101619531	0.13717305292907053	0.08092708361169518	-0.0017816383129457168	-0.0025788010400632977	-0.0007971627271175809	0.4213338541976353	0.4293254764374785	0.018967434399644854	nova_finite_cell_plasma_field_energy	2.3087376787773866	2.009728122639996	1.085975726283547	0.9510399852784367	0.8757470008405338	-0.12425299915946623
1583381cb1747ca9242af423b97e28cf9396af63	dc3c1a4b4642c875aaf6aa1a0da5b4df457332b6	DIII-D	DIII-D-d3d_shot_0112bdc95d-96	d3d_shot_0112bdc95d.parquet	96	2080.0	1.0	reference_own	boundary_hypothesis_all_domain	reference_boundary_all_domain	0.446883889657346	1252508.2535743713	1269381.2869493836	1555256.6217338932	1252508.253574371	1252508.253574371	0.0	1.684005677842498	1.6508072285719138	-0.03319844927058435	-0.02507368739363349	-0.008280478420801398	0.016793208972832093	0.05061906567683887	0.051913882978895036	0.02557963654095302	0.12690315101619531	0.15219416532277108	0.19929382449572225	-0.0017816383129457168	-0.0032037225704672745	-0.0014220842575215578	0.4213338541976353	0.45178318727202116	0.07226889738630632	nova_finite_cell_plasma_field_energy	2.3087376787773866	1.9611553293558892	1.085975726283547	0.9224811907951138	0.8494491805558599	-0.1505508194441401
1583381cb1747ca9242af423b97e28cf9396af63	dc3c1a4b4642c875aaf6aa1a0da5b4df457332b6	DIII-D	DIII-D-d3d_shot_0112bdc95d-96	d3d_shot_0112bdc95d.parquet	96	2080.0	1.05	centroid_scaled	boundary_hypothesis_all_domain	reference_boundary_all_domain	0.446883889657346	1252508.2535743713	1269381.2869493836	1718866.0459557937	1252508.253574371	1252508.2535743713	1.858915044986126e-16	1.684005677842498	1.6477694746249478	-0.03623620321755028	-0.02507368739363349	-0.008109926193716121	0.016963761199917368	0.05061906567683887	0.057252427418812014	0.13104472896283212	0.12690315101619531	0.16846019368555243	0.3274705343136328	-0.0017816383129457168	-0.0036522773688808605	-0.0018706390559351438	0.4213338541976353	0.4750922237885655	0.1275909093355545	nova_finite_cell_plasma_field_energy	2.3087376787773866	2.018433043292762	1.085975726283547	0.9512881083540742	0.8759754802343473	-0.1240245197656527
1583381cb1747ca9242af423b97e28cf9396af63	dc3c1a4b4642c875aaf6aa1a0da5b4df457332b6	DIII-D	DIII-D-d3d_shot_0112bdc95d-96	d3d_shot_0112bdc95d.parquet	96	2080.0	1.1	centroid_scaled	boundary_hypothesis_all_domain	reference_boundary_all_domain	0.446883889657346	1252508.2535743713	1269381.2869493836	1888508.1430253072	1252508.253574371	1252508.2535743716	3.717830089972252e-16	1.684005677842498	1.6464894517596795	-0.03751622608281857	-0.02507368739363349	-0.008662818279479227	0.016410869114154264	0.05061906567683887	0.06297858678965255	0.24416731023284927	0.12690315101619531	0.18427035533364988	0.4520550030324574	-0.0017816383129457168	-0.003846707727305923	-0.002065069414360206	0.4213338541976353	0.49724133187347014	0.1801599299927816	nova_finite_cell_plasma_field_energy	2.3087376787773866	1.9771159862918795	1.085975726283547	0.9238914588233708	0.8507477989265331	-0.14925220107346693
1583381cb1747ca9242af423b97e28cf9396af63	dc3c1a4b4642c875aaf6aa1a0da5b4df457332b6	DIII-D	DIII-D-d3d_shot_0112d94419-169	d3d_shot_0112d94419.parquet	169	3680.0	0.9	centroid_scaled	boundary_hypothesis_all_domain	reference_boundary_all_domain	0.446883889657346	685050.7490634918	989009.6725991559	930091.4506490779	685050.7490634918	685050.7490634917	-1.6993678495510296e-16	1.7251652110932658	1.6785871320825791	-0.04657807901068667	-0.012895624528919972	-0.036100518635032754	-0.023204894106112782	0.051666820460507995	0.04367706159938032	-0.15464003377631338	0.13269964631876535	0.12383054751170439	-0.06683588881432284	0.004786045914649317	0.004684134443817497	-0.00010191147083182025	0.4293791643515942	0.4092769344967839	-0.04681696627074744	nova_finite_cell_plasma_field_energy	0.7257612410504304	0.6089025255424189	1.1498562328151691	0.9710351616744292	0.8444839745722506	-0.1555160254277494
1583381cb1747ca9242af423b97e28cf9396af63	dc3c1a4b4642c875aaf6aa1a0da5b4df457332b6	DIII-D	DIII-D-d3d_shot_0112d94419-169	d3d_shot_0112d94419.parquet	169	3680.0	0.95	centroid_scaled	boundary_hypothesis_all_domain	reference_boundary_all_domain	0.446883889657346	685050.7490634918	989009.6725991559	1037074.4666296302	685050.7490634918	685050.7490634918	0.0	1.7251652110932658	1.6817212029121695	-0.04344400818109628	-0.012895624528919972	-0.03466802852314876	-0.021772403994228785	0.051666820460507995	0.0485974667702048	-0.0594066687856142	0.13269964631876535	0.1380029163715849	0.0399644626036174	0.004786045914649317	0.005489662702135801	0.0007036167874864838	0.4293791643515942	0.4319726648085382	0.006040117155802043	nova_finite_cell_plasma_field_energy	0.7257612410504304	0.60531283898276	1.1498562328151691	0.9592670997954197	0.8342495978361277	-0.1657504021638723
1583381cb1747ca9242af423b97e28cf9396af63	dc3c1a4b4642c875aaf6aa1a0da5b4df457332b6	DIII-D	DIII-D-d3d_shot_0112d94419-169	d3d_shot_0112d94419.parquet	169	3680.0	1.0	reference_own	boundary_hypothesis_all_domain	reference_boundary_all_domain	0.446883889657346	685050.7490634918	989009.6725991559	1149609.8806229825	685050.7490634918	685050.7490634918	0.0	1.7251652110932658	1.6837747744308496	-0.04139043666241626	-0.012895624528919972	-0.03371208502087672	-0.020816460491956748	0.051666820460507995	0.05385780207588629	0.0424059695535743	0.13269964631876535	0.15277669773484429	0.15129694745267602	0.004786045914649317	0.006154220498009284	0.0013681745833599669	0.4293791643515942	0.4545706763647767	0.05866961907950112	nova_finite_cell_plasma_field_energy	0.7257612410504304	0.6207530148961566	1.1498562328151691	0.9834869690534432	0.8553129869510665	-0.1446870130489335
1583381cb1747ca9242af423b97e28cf9396af63	dc3c1a4b4642c875aaf6aa1a0da5b4df457332b6	DIII-D	DIII-D-d3d_shot_0112d94419-169	d3d_shot_0112d94419.parquet	169	3680.0	1.05	centroid_scaled	boundary_hypothesis_all_domain	reference_boundary_all_domain	0.446883889657346	685050.7490634918	989009.6725991559	1268528.665086438	685050.7490634918	685050.7490634918	0.0	1.7251652110932658	1.6857266635079136	-0.03943854758535226	-0.012895624528919972	-0.03365051163807671	-0.02075488710915674	0.051666820460507995	0.05928169085115695	0.14738414949434422	0.13269964631876535	0.1691826336119592	0.2749290469513084	0.004786045914649317	0.0062916923246087485	0.0015056464099594312	0.4293791643515942	0.4779794184513766	0.11318726695361125	nova_finite_cell_plasma_field_energy	0.7257612410504304	0.6227132976626837	1.1498562328151691	0.9840013133203754	0.8557602987560153	-0.1442397012439847
1583381cb1747ca9242af423b97e28cf9396af63	dc3c1a4b4642c875aaf6aa1a0da5b4df457332b6	DIII-D	DIII-D-d3d_shot_0112d94419-169	d3d_shot_0112d94419.parquet	169	3680.0	1.1	centroid_scaled	boundary_hypothesis_all_domain	reference_boundary_all_domain	0.446883889657346	685050.7490634918	989009.6725991559	1391383.5190517996	685050.7490634918	685050.7490634916	-3.398735699102059e-16	1.7251652110932658	1.688095902766861	-0.03706930832640487	-0.012895624528919972	-0.032471483322636704	-0.019575858793716733	0.051666820460507995	0.06489608351960019	0.25604949058562837	0.13269964631876535	0.18506426000576942	0.39461004712262804	0.004786045914649317	0.0073214334341311325	0.0025353875194818153	0.4293791643515942	0.4999603419526089	0.16437960539515098	nova_finite_cell_plasma_field_energy	0.7257612410504304	0.6325751771331265	1.1498562328151691	0.998249206717427	0.8681513203380515	-0.13184867966194852
1583381cb1747ca9242af423b97e28cf9396af63	dc3c1a4b4642c875aaf6aa1a0da5b4df457332b6	DIII-D	DIII-D-d3d_shot_01177bc9fa-144	d3d_shot_01177bc9fa.parquet	144	3180.0	0.9	centroid_scaled	boundary_hypothesis_all_domain	reference_boundary_all_domain	0.446883889657346	979762.2680664062	977742.1741497507	781963.9166147381	979762.2680664062	979762.2680664062	0.0	1.7910998123567161	1.739984662143398	-0.05111515021331803	-0.024017072109606706	-0.03144250045904459	-0.007425428349437886	0.06436555561955942	0.05604472315235961	-0.12927461570255253	0.1919401823743441	0.16800569769719184	-0.12469762392156343	0.0027705026251679337	0.001605483720139962	-0.0011650189050279717	0.5062664693557174	0.4733396463952195	-0.0650385221095149	nova_finite_cell_plasma_field_energy	1.4802058323687328	1.2724647399463374	1.1583241299019376	1.0029492846349533	0.8658623771567824	-0.13413762284321762
1583381cb1747ca9242af423b97e28cf9396af63	dc3c1a4b4642c875aaf6aa1a0da5b4df457332b6	DIII-D	DIII-D-d3d_shot_01177bc9fa-144	d3d_shot_01177bc9fa.parquet	144	3180.0	0.95	centroid_scaled	boundary_hypothesis_all_domain	reference_boundary_all_domain	0.446883889657346	979762.2680664062	977742.1741497507	875578.7889828156	979762.2680664062	979762.2680664064	1.1881996849775034e-16	1.7910998123567161	1.7530125151368774	-0.03808729721983872	-0.024017072109606706	-0.025394965830379427	-0.0013778937207727208	0.06436555561955942	0.0619089511229917	-0.03816644590295763	0.1919401823743441	0.18805984013028884	-0.020216414281025125	0.0027705026251679337	0.0020292213669161744	-0.0007412812582517593	0.5062664693557174	0.49996879027923385	-0.012439455223052925	nova_finite_cell_plasma_field_energy	1.4802058323687328	1.3150640051788405	1.1583241299019376	1.0326049498962906	0.8914645937521044	-0.10853540624789558
1583381cb1747ca9242af423b97e28cf9396af63	dc3c1a4b4642c875aaf6aa1a0da5b4df457332b6	DIII-D	DIII-D-d3d_shot_01177bc9fa-144	d3d_shot_01177bc9fa.parquet	144	3180.0	1.0	reference_own	boundary_hypothesis_all_domain	reference_boundary_all_domain	0.446883889657346	979762.2680664062	977742.1741497507	967686.0313421455	979762.2680664062	979762.2680664062	0.0	1.7910998123567161	1.7689765631213452	-0.0221232492353709	-0.024017072109606706	-0.026595454023757563	-0.002578381914150857	0.06436555561955942	0.0670148922678436	0.04116078270097458	0.1919401823743441	0.2049003784114362	0.0675220575325683	0.0027705026251679337	0.0031130356033379158	0.00034253297816998207	0.5062664693557174	0.521454955561149	0.030000972066668106	nova_finite_cell_plasma_field_energy	1.4802058323687328	1.3803910249548914	1.1583241299019376	1.08021479036235	0.9325669408732769	-0.06743305912672318
1583381cb1747ca9242af423b97e28cf9396af63	dc3c1a4b4642c875aaf6aa1a0da5b4df457332b6	DIII-D	DIII-D-d3d_shot_01177bc9fa-144	d3d_shot_01177bc9fa.parquet	144	3180.0	1.05	centroid_scaled	boundary_hypothesis_all_domain	reference_boundary_all_domain	0.446883889657346	979762.2680664062	977742.1741497507	1064372.5806711079	979762.2680664062	979762.2680664061	-1.1881996849775034e-16	1.7910998123567161	1.7804005917599623	-0.010699220596753767	-0.024017072109606706	-0.02446393617497958	-0.00044686406537287546	0.06436555561955942	0.07113613439317763	0.10518947142531564	0.1919401823743441	0.2282607184966117	0.18922841310753294	0.0027705026251679337	0.0027903799060920945	1.9877280924160846e-05	0.5062664693557174	0.5471716850219768	0.08079779748857552	nova_finite_cell_plasma_field_energy	1.4802058323687328	1.4080564253641317	1.1583241299019376	1.0985493793910335	0.9483954888205907	-0.0516045111794093
1583381cb1747ca9242af423b97e28cf9396af63	dc3c1a4b4642c875aaf6aa1a0da5b4df457332b6	DIII-D	DIII-D-d3d_shot_01177bc9fa-144	d3d_shot_01177bc9fa.parquet	144	3180.0	1.1	centroid_scaled	boundary_hypothesis_all_domain	reference_boundary_all_domain	0.446883889657346	979762.2680664062	977742.1741497507	1159765.5395044978	979762.2680664062	979762.2680664065	2.376399369955007e-16	1.7910998123567161	1.7967805992768846	0.00568078692016849	-0.024017072109606706	-0.03070397162251654	-0.006686899512909832	0.06436555561955942	0.07545122603532052	0.17222985662214002	0.1919401823743441	0.24616071897847489	0.2824866368959866	0.0027705026251679337	0.0020654793833412024	-0.0007050232418267313	0.5062664693557174	0.5671084067564115	0.12017769511404242	nova_finite_cell_plasma_field_energy	1.4802058323687328	1.465597783476428	1.1583241299019376	1.1395528048753107	0.9837944107853335	-0.016205589214666517
1583381cb1747ca9242af423b97e28cf9396af63	dc3c1a4b4642c875aaf6aa1a0da5b4df457332b6	DIII-D	DIII-D-d3d_shot_012c431151-125	d3d_shot_012c431151.parquet	125	3460.0	0.9	centroid_scaled	boundary_hypothesis_all_domain	reference_boundary_all_domain	0.446883889657346	267807.6736629009	552714.253787133	493841.35226600035	267807.6736629009	267807.6736629009	0.0	1.7653633746894954	1.7120064899816754	-0.053356884707820074	-0.10136912310332315	-0.1029325391287845	-0.0015634160254613533	0.05243338695866025	0.0471885661784256	-0.10002826604296589	0.1741201589955957	0.15009565169816233	-0.1379765986662179	-0.00045779103122423466	0.0006469985735953214	0.001104789604819556	0.47597641323310963	0.4441668806615233	-0.06683006066522791	nova_finite_cell_plasma_field_energy	0.10532711310523027	0.08921134823430744	1.0991994449250528	0.9354029681300338	0.8509856627464115	-0.14901433725358848
1583381cb1747ca9242af423b97e28cf9396af63	dc3c1a4b4642c875aaf6aa1a0da5b4df457332b6	DIII-D	DIII-D-d3d_shot_012c431151-125	d3d_shot_012c431151.parquet	125	3460.0	0.95	centroid_scaled	boundary_hypothesis_all_domain	reference_boundary_all_domain	0.446883889657346	267807.6736629009	552714.253787133	549530.0293683016	267807.6736629009	267807.6736629009	0.0	1.7653633746894954	1.719463572941337	-0.04589980174815844	-0.10136912310332315	-0.10141903274104509	-4.9909637721945455e-05	0.05243338695866025	0.05225170845226651	-0.0034649393627189636	0.1741201589955957	0.16552494970220696	-0.049363665545504906	-0.00045779103122423466	0.00021329401771884743	0.0006710850489430821	0.47597641323310963	0.46666546706872736	-0.01956178059567467	nova_finite_cell_plasma_field_energy	0.10532711310523027	0.09062412055698968	1.0991994449250528	0.9465707815177727	0.8611456145543388	-0.13885438544566117
1583381cb1747ca9242af423b97e28cf9396af63	dc3c1a4b4642c875aaf6aa1a0da5b4df457332b6	DIII-D	DIII-D-d3d_shot_012c431151-125	d3d_shot_012c431151.parquet	125	3460.0	1.0	reference_own	boundary_hypothesis_all_domain	reference_boundary_all_domain	0.446883889657346	267807.6736629009	552714.253787133	606015.8707773478	267807.6736629009	267807.6736629009	0.0	1.7653633746894954	1.72690520696456	-0.03845816772493538	-0.10136912310332315	-0.10313741293232222	-0.00176828982899907	0.05243338695866025	0.05752751655077002	0.09715431116677832	0.1741201589955957	0.18129442103513924	0.041202937562933306	-0.00045779103122423466	-0.0003127965455265921	0.00014499448569764255	0.47597641323310963	0.4886941145398717	0.026719183877991003	nova_finite_cell_plasma_field_energy	0.10532711310523027	0.09369824179173147	1.0991994449250528	0.9778399153979115	0.8895928031191682	-0.11040719688083181
1583381cb1747ca9242af423b97e28cf9396af63	dc3c1a4b4642c875aaf6aa1a0da5b4df457332b6	DIII-D	DIII-D-d3d_shot_012c431151-125	d3d_shot_012c431151.parquet	125	3460.0	1.05	centroid_scaled	boundary_hypothesis_all_domain	reference_boundary_all_domain	0.446883889657346	267807.6736629009	552714.253787133	671922.7800175486	267807.6736629009	267807.6736629009	0.0	1.7653633746894954	1.7372098109906733	-0.02815356369882216	-0.10136912310332315	-0.10093330027220641	0.00043582283111673337	0.05243338695866025	0.06389604450803209	0.21861371569243235	0.1741201589955957	0.19895379439544247	0.1426235511333007	-0.00045779103122423466	9.117928268600208e-05	0.0005489703139102368	0.47597641323310963	0.5126888324349133	0.07713075308171563	nova_finite_cell_plasma_field_energy	0.10532711310523027	0.09529170617770011	1.0991994449250528	0.988971300248523	0.8997196139559135	-0.10028038604408647
1583381cb1747ca9242af423b97e28cf9396af63	dc3c1a4b4642c875aaf6aa1a0da5b4df457332b6	DIII-D	DIII-D-d3d_shot_012c431151-125	d3d_shot_012c431151.parquet	125	3460.0	1.1	centroid_scaled	boundary_hypothesis_all_domain	reference_boundary_all_domain	0.446883889657346	267807.6736629009	552714.253787133	734402.2196336531	267807.6736629009	267807.6736629009	0.0	1.7653633746894954	1.7453841335433002	-0.019979241146195204	-0.10136912310332315	-0.09966780087402832	0.0017013222292948244	0.05243338695866025	0.06835918471264277	0.30373391225973645	0.1741201589955957	0.2178484773085385	0.25113874559492516	-0.00045779103122423466	0.00029486600964466806	0.0007526570408689028	0.47597641323310963	0.5349837960360868	0.12397123294863414	nova_finite_cell_plasma_field_energy	0.10532711310523027	0.09802444926016599	1.0991994449250528	1.0156536416685171	0.9239939542889488	-0.07600604571105124
