angle_rad,retained_fraction,area_fraction,area_error,first_area_error,second_area_error,current_error,current_scaled_error,first_current_error,first_current_scaled_error,current_centroid_error_m,partition_area_error,partition_current_scaled_error,partition_first_current_scaled_error
0.0,1e-05,6.666733333477474e-06,0.0,8.823259866461921e-24,9.034467188866068e-21,5.972944361332111e-11,4.751544635788346e-16,2.7952921996630244e-12,9.265360357528128e-17,1.1984545152268729e-11,5.551115123125783e-17,4.630485104895398e-16,1.504166009652774e-16
0.0,0.0001,6.667333333288395e-05,0.0,5.945392521105815e-19,8.053168946882581e-20,6.714095945881127e-11,5.341139084159283e-16,3.4162404274198153e-12,1.1323574198009165e-16,1.313454530048308e-12,0.0,3.472863828671549e-16,5.601978344955187e-17
0.0,0.01,0.006733333333332798,0.0,2.7478934791928017e-20,2.4820889578395356e-20,5.877609510207549e-11,4.675704685997893e-16,3.9520791008636345e-12,1.3099681326829302e-16,1.0047869712822564e-14,2.7755575615628914e-17,1.1576212762238496e-16,4.256050768958694e-17
0.0,0.05,0.03500000000000015,3.469446951953614e-18,6.50624854359357e-19,2.2152840748458035e-19,6.912159733474255e-11,5.498701062063285e-16,3.868976585240418e-12,1.2824227206519791e-16,2.3316348507650826e-15,5.551115123125783e-17,5.788106381119248e-16,1.3566201436042895e-16
0.0,0.15,0.11500000000000049,1.0408340855860843e-17,4.47386687282234e-19,2.9393092549089267e-19,4.9112713895738125e-11,3.906971807255493e-16,1.3860911393412873e-12,4.594379756049101e-17,5.275560214187214e-16,8.326672684688674e-17,5.788106381119248e-16,1.9241398178174972e-16
0.0,0.3,0.25999999999999923,1.3877787807814457e-17,2.6364535649353063e-18,5.037548941561449e-19,4.729372449219227e-11,3.7622691477275113e-16,1.8682815641051087e-12,6.192662771658325e-17,1.6722376652837767e-16,0.0,1.1576212762238496e-16,7.175244926014727e-17
0.0,0.5,0.5,2.7755575615628914e-17,3.4814728006710074e-18,8.9770077572117e-19,4.3655745685100555e-11,3.472863828671549e-16,2.3347789912849306e-12,7.738929301218934e-17,3.7312310158175473e-17,5.551115123125783e-17,4.630485104895398e-16,1.620806437846119e-16
0.0,0.7,0.740000000000001,2.7755575615628914e-17,5.19014273928578e-18,7.383481429998949e-19,4.3655745685100555e-11,3.472863828671549e-16,2.6129430203948695e-12,8.660940233927945e-17,2.2354555652519038e-17,0.0,1.1576212762238496e-16,2.8288760845395533e-16
0.0,0.85,0.8849999999999992,2.7755575615628914e-17,6.146185560772047e-18,9.731365821834888e-19,4.3655745685100555e-11,3.472863828671549e-16,3.639754730461873e-12,1.206444149016419e-16,2.987365580481038e-17,8.326672684688674e-17,5.788106381119248e-16,1.1652819326985474e-17
0.0,0.95,0.9649999999999997,2.7755575615628914e-17,4.565410292944772e-18,1.104858836905526e-18,1.4551915228366852e-11,1.1576212762238496e-16,3.6997380977449375e-12,1.2263264179757269e-16,3.0617531495758404e-17,5.551115123125783e-17,2.315242552447699e-16,1.0195754487160893e-16
0.0,0.99,0.9932666666666674,2.7755575615628914e-17,3.587462189178117e-18,9.126912278538019e-19,2.9103830456733704e-11,2.315242552447699e-16,5.1473905035308106e-12,1.7061696777846872e-16,4.1566111158473776e-17,0.0,1.1576212762238496e-16,2.9995868495844107e-16
0.0,0.9999,0.9999333266666671,0.0,4.865941201932932e-18,1.1394718593058735e-18,2.9103830456733704e-11,2.315242552447699e-16,5.049234869402758e-12,1.673634713410382e-16,4.097366266084094e-17,0.0,3.472863828671549e-16,2.9982995144738847e-16
0.0,0.99999,0.9999933332666664,2.7755575615628914e-17,4.089117136901945e-18,8.03089741378653e-19,2.9103830456733704e-11,2.315242552447699e-16,4.091640462572732e-12,1.3562275651808279e-16,3.309925580683608e-17,5.551115123125783e-17,4.630485104895398e-16,1.0195754487160893e-16
0.16534698176788384,1e-05,4.6020228064917527e-10,0.0,1.6155871338926322e-27,8.823529134065656e-24,5.637980142833175e-11,4.485076820368299e-16,3.1731045762738078e-12,1.0517668727027044e-16,1.9147790548127482e-07,5.551115123125783e-17,5.788106381119248e-16,1.285923210516404e-16
0.16534698176788384,0.0001,4.602022777511919e-08,3.469446951953614e-18,5.547995174488339e-19,9.985343965009461e-20,5.297811841997735e-11,4.21446909872875e-16,2.750537079900506e-12,9.11701367931894e-17,1.8567907711119517e-09,2.7755575615628914e-17,3.472863828671549e-16,1.288577622220088e-16
0.16534698176788384,0.01,0.000460202277911914,0.0,3.5575383784680614e-20,1.5807224037467386e-20,5.623235210805433e-11,4.473347060564232e-16,3.020301876453328e-12,1.0011184260891225e-16,1.873705089461971e-13,5.551115123125783e-17,4.630485104895398e-16,2.1792081522071446e-16
0.16534698176788384,0.05,0.011505056947797144,0.0,5.421010862427522e-20,4.498055996461965e-20,6.139089236967266e-11,4.883714759069365e-16,3.190360620982418e-12,1.0574866136510804e-16,7.243314556611067e-15,8.326672684688674e-17,4.630485104895398e-16,2.0675050136031435e-16
0.16534698176788384,0.15,0.08890627250788437,0.0,1.3189888700125507e-18,2.1705208943718897e-19,4.729372449219227e-11,3.7622691477275113e-16,2.9558577807620168e-12,9.797575905540394e-17,5.149762648337517e-16,2.7755575615628914e-17,5.788106381119248e-16,1.4918131398679472e-16
0.16534698176788384,0.3,0.2435015527157162,1.3877787807814457e-17,2.862375870711487e-18,6.278199976984632e-19,4.3655745685100555e-11,3.472863828671549e-16,1.1368683772161603e-13,3.768298425207844e-18,1.9678218655238046e-16,5.551115123125783e-17,5.788106381119248e-16,2.396649648397941e-16
0.16534698176788384,0.5,0.5,2.7755575615628914e-17,3.998340051969456e-18,9.534854667719167e-19,3.637978807091713e-11,2.894053190559624e-16,2.145038964057813e-12,7.110011248673882e-17,4.1777673608052095e-17,5.551115123125783e-17,4.630485104895398e-16,1.627364009217225e-16
0.16534698176788384,0.7,0.7564984472842851,2.7755575615628914e-17,4.7420677906616184e-18,6.923736635262163e-19,1.4551915228366852e-11,1.1576212762238496e-16,2.737941617577302e-12,9.075264377650865e-17,2.6479404645468863e-17,0.0,0.0,2.634846428195418e-16
0.16534698176788384,0.85,0.9110937274921154,0.0,5.6276777223850945e-18,1.0845832703336842e-18,2.9103830456733704e-11,2.315242552447699e-16,3.0589999476146e-12,1.0139454061985249e-16,2.4655053005362233e-17,5.551115123125783e-17,5.788106381119248e-16,1.4545827168614935e-16
0.16534698176788384,0.95,0.9884949430522025,2.7755575615628914e-17,4.339856937279166e-18,9.482896068074615e-19,4.3655745685100555e-11,3.472863828671549e-16,4.657346117655685e-12,1.5437380784383305e-16,3.862387734617323e-17,8.326672684688674e-17,5.788106381119248e-16,9.356465688339719e-17
0.16534698176788384,0.99,0.9995397977220882,2.7755575615628914e-17,6.079647764920686e-18,1.2797877744389934e-18,2.9103830456733704e-11,2.315242552447699e-16,2.5452906330927033e-12,8.436697577837395e-17,2.0790689807805115e-17,2.7755575615628914e-17,1.1576212762238496e-16,2.6227600678299345e-16
0.16534698176788384,0.9999,0.9999999539797724,2.7755575615628914e-17,3.826125590893178e-18,1.107222243065041e-18,4.3655745685100555e-11,3.472863828671549e-16,4.453056981602432e-12,1.4760237814181601e-16,3.6079668015387855e-17,0.0,2.315242552447699e-16,2.279840011519026e-16
0.16534698176788384,0.99999,0.9999999995397977,2.7755575615628914e-17,4.468007692704646e-18,9.483838072727259e-19,7.275957614183426e-11,5.788106381119248e-16,3.730180182062295e-12,1.2364168436302816e-16,3.086455283827034e-17,5.551115123125783e-17,6.945727657343098e-16,8.523042212157683e-17
0.3306939635357677,1e-05,3.01136515418867e-10,0.0,1.80628132747899e-27,6.617444912750173e-24,5.659962524839435e-11,4.502564053294808e-16,3.105351996550964e-12,1.0293093970098242e-16,2.9603119030865824e-07,2.7755575615628914e-17,2.315242552447699e-16,8.40349559080439e-17
0.3306939635357677,0.0001,3.0113651680989905e-08,1.734723475976807e-18,2.7841576805981936e-19,5.006282760823856e-20,5.92076357559812e-11,4.710034231949547e-16,3.1890477875098357e-12,1.0570514578840245e-16,3.1027884237390675e-09,5.551115123125783e-17,2.315242552447699e-16,9.106504622802082e-17
0.3306939635357677,0.01,0.0003011365167470012,0.0,3.727907381096466e-20,1.1458938489279567e-20,6.146194664324867e-11,4.889367206707178e-16,3.012353711197666e-12,9.984839031121052e-17,3.237240444289234e-13,5.551115123125783e-17,4.630485104895398e-16,2.4062031342171533e-16
0.3306939635357677,0.05,0.007528412918674578,3.469446951953614e-18,5.187272922672512e-19,1.0210875904243935e-19,6.707523425575346e-11,5.335910570094307e-16,3.5153415178535278e-12,1.1652057679916e-16,1.2694042168946472e-14,5.551115123125783e-17,4.630485104895398e-16,9.596221836948857e-17
0.3306939635357677,0.15,0.0677557162680718,0.0,1.2266347333466993e-18,2.6139167764400125e-19,4.9112713895738125e-11,3.906971807255493e-16,2.5648919683313756e-12,8.501668758487815e-17,8.200821523359857e-16,5.551115123125783e-17,4.630485104895398e-16,1.5269747837203493e-16
0.3306939635357677,0.3,0.23452478544633398,2.0816681711721685e-17,3.1273172206927508e-18,7.855791075262255e-19,5.093170329928398e-11,4.051674466783474e-16,2.2850771577215914e-12,7.57418609532091e-17,1.8041124150158794e-16,5.551115123125783e-17,5.788106381119248e-16,2.2612930581892194e-16
0.3306939635357677,0.5,0.4999999999999997,1.5265566588595902e-16,2.742838647325548e-18,2.395439199186169e-18,1.4551915228366852e-10,1.1576212762238497e-15,6.62122137262533e-12,2.1946901304892662e-16,2.5066604164831255e-16,5.551115123125783e-17,5.788106381119248e-16,2.870097970405891e-16
0.3306939635357677,0.7,0.7654752145536657,1.3877787807814457e-17,4.670885906470169e-18,1.1683504674935435e-18,0.0,0.0,4.192563418333924e-12,1.3896797943820197e-16,4.5534426050565124e-17,5.551115123125783e-17,3.472863828671549e-16,1.8480036692746184e-16
0.3306939635357677,0.85,0.932244283731928,2.7755575615628914e-17,3.878959614448864e-18,9.360078169263525e-19,5.820766091346741e-11,4.630485104895398e-16,3.992010957990587e-12,1.3232040672328548e-16,3.5940607009782056e-17,5.551115123125783e-17,4.630485104895398e-16,8.797181251216798e-17
0.3306939635357677,0.95,0.9924715870813253,0.0,3.4312258170301868e-18,1.2003362442343912e-18,2.9103830456733704e-11,2.315242552447699e-16,4.508224278401565e-12,1.4943097010388814e-16,3.672997898926329e-17,2.7755575615628914e-17,3.472863828671549e-16,1.9296668489775346e-16
0.3306939635357677,0.99,0.9996988634832528,2.7755575615628914e-17,3.2417119496948183e-18,1.2887021038708337e-18,4.3655745685100555e-11,3.472863828671549e-16,5.165562612472209e-12,1.7121930601637677e-16,4.17241792437887e-17,5.551115123125783e-17,6.945727657343098e-16,9.759911108039833e-17
0.3306939635357677,0.9999,0.9999999698863483,2.7755575615628914e-17,3.299079820586698e-18,7.315543575012881e-19,8.731149137020111e-11,6.945727657343098e-16,3.806493558423037e-12,1.2617119069573708e-16,3.195436453597962e-17,2.7755575615628914e-17,6.945727657343098e-16,1.5094375496480362e-16
0.3306939635357677,0.99999,0.9999999996988634,2.7755575615628914e-17,3.625312911825695e-18,1.2985437762203258e-18,2.9103830456733704e-11,2.315242552447699e-16,5.06959171195906e-12,1.6803822542237663e-16,4.0936924240913434e-17,2.7755575615628914e-17,2.315242552447699e-16,2.174213492008552e-16
0.4960409453036515,1e-05,2.672759092743718e-10,0.0,7.058661746690299e-23,2.2058317958407185e-23,5.0833020491481903e-11,4.04382413807303e-16,3.006143155845395e-12,9.964253335870266e-17,2.9514455819911426e-07,8.326672684688674e-17,4.630485104895398e-16,2.1202539629048356e-16
0.4960409453036515,0.0001,2.6727591043356518e-08,1.734723475976807e-18,2.818493384397122e-19,5.134632034848083e-20,5.4585427757686267e-11,4.3423323701679643e-16,3.15256586331493e-12,1.0449590485737357e-16,3.171736015672957e-09,0.0,3.472863828671549e-16,1.209529876866297e-16
0.4960409453036515,0.01,0.00026727591034637064,0.0,6.648534212453946e-20,2.3310725284770104e-20,5.859845941813546e-11,4.661573566903363e-16,3.0634463403957963e-12,1.0154192210438516e-16,3.4371561853725224e-13,5.551115123125783e-17,3.472863828671549e-16,1.5343963330743742e-16
0.4960409453036515,0.05,0.006681897758659254,3.469446951953614e-18,6.425670320879592e-19,1.879115437453155e-19,6.718892109347507e-11,5.344954486314806e-16,3.34136451725291e-12,1.1075388233809101e-16,1.4747675086897237e-14,2.7755575615628914e-17,3.472863828671549e-16,1.0665016873010824e-16
0.4960409453036515,0.15,0.0601370798279337,6.938893903907228e-18,2.0713653421116587e-18,3.2554287362238764e-19,5.275069270282984e-11,4.196377126311455e-16,3.233586233665822e-12,1.0718143064137532e-16,9.71445146547012e-16,8.326672684688674e-17,5.788106381119248e-16,2.0615726655425414e-16
0.4960409453036515,0.3,0.23333333333333245,1.3877787807814457e-17,5.057544569639795e-18,7.723751569297855e-19,4.3655745685100555e-11,3.472863828671549e-16,4.099037227506402e-12,1.3586793193337083e-16,1.2412670766236366e-16,5.551115123125783e-17,5.788106381119248e-16,2.298662039376785e-16
0.4960409453036515,0.5,0.5,4.163336342344337e-17,5.834579367856216e-18,1.0410468795717559e-18,2.9103830456733704e-11,2.315242552447699e-16,2.2737367544323206e-12,7.536596850415688e-17,4.163336342344337e-17,5.551115123125783e-17,4.630485104895398e-16,1.6636087977272547e-16
0.4960409453036515,0.7,0.7666666666666666,4.163336342344337e-17,4.336808689942018e-18,1.1683504674935435e-18,1.4551915228366852e-11,1.1576212762238496e-16,4.290077928115626e-12,1.4220022497347764e-16,4.654751537338637e-17,0.0,0.0,1.9277341906255229e-16
0.4960409453036515,0.85,0.9398629201720661,2.7755575615628914e-17,5.355563664084651e-18,1.0902837530978062e-18,2.9103830456733704e-11,2.315242552447699e-16,3.5698391157228758e-12,1.1832697071726287e-16,3.127317220692751e-17,5.551115123125783e-17,5.788106381119248e-16,8.426171438270146e-17
0.4960409453036515,0.95,0.9933181022413408,2.7755575615628914e-17,4.4989695513765794e-18,9.369026796589492e-19,2.9103830456733704e-11,2.315242552447699e-16,4.49036025554153e-12,1.4883884378073203e-16,3.659210440975828e-17,2.7755575615628914e-17,3.472863828671549e-16,1.787063631356824e-16
0.4960409453036515,0.99,0.9997327240896534,2.7755575615628914e-17,3.9536141821177756e-18,9.514184230024306e-19,4.3655745685100555e-11,3.472863828671549e-16,4.657692994810872e-12,1.543853055392904e-16,3.7847819169828525e-17,5.551115123125783e-17,4.630485104895398e-16,8.436697577837395e-17
0.4960409453036515,0.9999,0.9999999732724087,2.7755575615628914e-17,3.3145791845336547e-18,1.116196764570632e-18,2.9103830456733704e-11,2.315242552447699e-16,4.915969908607348e-12,1.6294623050678777e-16,3.9569666100376524e-17,5.551115123125783e-17,5.788106381119248e-16,1.0718143064137532e-16
0.4960409453036515,0.99999,0.9999999997327239,2.7755575615628914e-17,3.3599462530613534e-18,1.1322876655558524e-18,4.3655745685100555e-11,3.472863828671549e-16,4.59738171997392e-12,1.5238620972006392e-16,3.7367087251761353e-17,5.551115123125783e-17,5.788106381119248e-16,7.99598829282292e-17
0.6613879270715354,1e-05,2.8299139508986204e-10,1.734723475976807e-18,2.7789482458620183e-19,5.006769342435382e-20,5.83999319104969e-11,4.645780479660105e-16,3.0209998752631425e-12,1.0013497868929353e-16,3.3037262011311817e-07,2.7755575615628914e-17,2.315242552447699e-16,1.1678685772413638e-16
0.6613879270715354,0.0001,2.829913959012974e-08,0.0,7.986878053593244e-22,2.958136862157868e-22,6.267892021377675e-11,4.98617882742767e-16,3.1093712278687755e-12,1.0306416236201325e-16,3.5656297857097636e-09,8.326672684688674e-17,6.945727657343098e-16,1.945332737659415e-16
0.6613879270715354,0.01,0.0002829913958996977,0.0,3.6422416731934915e-20,1.3658406274475593e-20,6.02611294198141e-11,4.793840841628159e-16,3.1008027187721485e-12,1.0278014795909474e-16,3.3383757019917457e-13,5.551115123125783e-17,4.630485104895398e-16,7.656348766975392e-17
0.6613879270715354,0.05,0.007074784897492802,1.734723475976807e-18,5.488355194393045e-19,1.3791819003207637e-19,5.763922672485933e-11,4.585265523792905e-16,3.123415263459321e-12,1.035296702278315e-16,1.16303893446044e-14,8.326672684688674e-17,3.472863828671549e-16,1.5018926724147733e-16
0.6613879270715354,0.15,0.06367306407743532,6.938893903907228e-18,1.8526854844795106e-18,5.468238980608103e-19,5.3660187404602766e-11,4.268728456075446e-16,2.737941617577302e-12,9.075264377650865e-17,1.062716010695555e-15,5.551115123125783e-17,6.945727657343098e-16,1.7256173714333648e-16
0.6613879270715354,0.3,0.233441813027365,2.0816681711721685e-17,3.496446946337351e-18,8.4765613425499565e-19,4.729372449219227e-11,3.7622691477275113e-16,1.8749713606747085e-12,6.214836974392253e-17,2.0816681711721685e-16,5.551115123125783e-17,4.630485104895398e-16,1.3716813315557914e-16
0.6613879270715354,0.5,0.5000000000000001,2.7755575615628914e-17,3.878959614448864e-18,1.1391291203478122e-18,1.4551915228366852e-11,1.1576212762238496e-16,3.858659226461245e-12,1.2790028975995462e-16,5.721958498152797e-17,0.0,0.0,2.255004689345879e-16
0.6613879270715354,0.7,0.7665581869726347,0.0,4.690975831039127e-18,9.884986996051268e-19,0.0,0.0,2.9118037843694986e-12,9.651553192131352e-17,3.1986720415755645e-17,5.551115123125783e-17,4.630485104895398e-16,1.0422598457865148e-16
0.6613879270715354,0.85,0.9363269359225643,0.0,6.243347873798724e-18,6.867802474354099e-19,1.4551915228366852e-11,1.1576212762238496e-16,3.639754730461873e-12,1.206444149016419e-16,3.0885873398356455e-17,5.551115123125783e-17,2.315242552447699e-16,1.0658357479996219e-16
0.6613879270715354,0.95,0.9929252151025071,5.551115123125783e-17,3.720903035659322e-18,7.232530581448778e-19,2.9103830456733704e-11,2.315242552447699e-16,5.06959171195906e-12,1.6803822542237663e-16,4.1007501734589143e-17,8.326672684688674e-17,3.472863828671549e-16,1.0551235590581964e-16
0.6613879270715354,0.99,0.9997170086041,2.7755575615628914e-17,3.2344830113587533e-18,7.231578821770407e-19,2.9103830456733704e-11,2.315242552447699e-16,4.273854014328297e-12,1.416624622033916e-16,3.4501486916025534e-17,5.551115123125783e-17,4.630485104895398e-16,9.278837089744646e-17
0.6613879270715354,0.9999,0.9999999717008602,2.7755575615628914e-17,3.116579626734184e-18,1.221109269973221e-18,5.820766091346741e-11,4.630485104895398e-16,5.097003914709157e-12,1.6894683861388443e-16,4.172361578043992e-17,5.551115123125783e-17,6.945727657343098e-16,1.030484939547084e-16
0.6613879270715354,0.99999,0.9999999997170085,5.551115123125783e-17,4.198379626186978e-18,1.1383356683131417e-18,4.3655745685100555e-11,3.472863828671549e-16,4.384779890358154e-12,1.453392449544579e-16,3.5683266117477277e-17,8.326672684688674e-17,5.788106381119248e-16,9.462106551930062e-17
0.8267349088394192,1e-05,3.7744011716275417e-10,1.734723475976807e-18,2.7786426103833734e-19,5.00605247200084e-20,5.399956339962849e-11,4.2957261994182305e-16,3.264870921962055e-12,1.082184024140311e-16,2.1912015270197786e-07,5.551115123125783e-17,3.472863828671549e-16,1.1533779045647914e-16
0.8267349088394192,0.0001,3.774401111349487e-08,0.0,6.3141815108417555e-22,4.293767713291239e-22,5.065888854238754e-11,4.029971745038949e-16,2.969150642969858e-12,9.84163683003103e-17,2.088370919288416e-09,5.551115123125783e-17,2.315242552447699e-16,1.1953957914586975e-16
0.8267349088394192,0.01,0.0003774401111628273,0.0,7.199780051661553e-20,3.350752095843838e-20,6.106404271122301e-11,4.857713499935431e-16,3.1070634206309946e-12,1.0298766708292819e-16,2.52920763886146e-13,5.551115123125783e-17,4.630485104895398e-16,1.7453823120959345e-16
0.8267349088394192,0.05,0.009436002779070786,3.469446951953614e-18,7.373371937284244e-19,1.8119379094351402e-19,6.02540239924565e-11,4.793275596864377e-16,3.5854186400452145e-12,1.1884337435858073e-16,8.694409141350492e-15,5.551115123125783e-17,5.788106381119248e-16,1.3819948702442847e-16
0.8267349088394192,0.15,0.08127045642048074,1.0755285551056204e-16,2.0278928563700524e-17,3.737648415187499e-18,1.382431946694851e-10,1.099740212412657e-15,1.7316263224219958e-11,5.739701160313443e-16,9.063162369069397e-16,5.551115123125783e-17,5.788106381119248e-16,1.4244965548436675e-16
0.8267349088394192,0.3,0.2396459209956135,2.7755575615628914e-17,3.878959614448864e-18,1.1377667396452772e-18,4.729372449219227e-11,3.7622691477275113e-16,1.639614891002561e-12,5.4347172773348336e-17,2.237726045655905e-16,5.551115123125783e-17,6.945727657343098e-16,8.893503625081131e-17
0.8267349088394192,0.5,0.5000000000000001,4.163336342344337e-17,5.057544569639795e-18,1.212190886866587e-18,2.9103830456733704e-11,2.315242552447699e-16,2.2737367544323206e-12,7.536596850415688e-17,7.076311083754595e-17,2.7755575615628914e-17,2.315242552447699e-16,1.785473716779295e-16
0.8267349088394192,0.7,0.7603540790043865,5.551115123125783e-17,4.336808689942018e-18,1.567881552017597e-18,4.3655745685100555e-11,3.472863828671549e-16,3.858659226461245e-12,1.2790028975995462e-16,5.0515910130503314e-17,5.551115123125783e-17,4.630485104895398e-16,1.6636087977272547e-16
0.8267349088394192,0.85,0.9187295435795192,2.7755575615628914e-17,5.8265149833968216e-18,1.2649670687637836e-18,1.4551915228366852e-11,1.1576212762238496e-16,5.0651282003731154e-12,1.6789027651274647e-16,4.422694427346622e-17,2.7755575615628914e-17,2.315242552447699e-16,1.5073193700831375e-16
0.8267349088394192,0.95,0.9905639972209291,2.7755575615628914e-17,6.1331736667334966e-18,6.863120717241807e-19,4.3655745685100555e-11,3.472863828671549e-16,4.4545986319797945e-12,1.4765347815308962e-16,3.655546440704558e-17,5.551115123125783e-17,4.630485104895398e-16,1.7248971852878207e-16
0.8267349088394192,0.99,0.9996225598888371,2.7755575615628914e-17,2.2752151665091472e-18,1.386393742128294e-18,5.820766091346741e-11,4.630485104895398e-16,5.362597410144533e-12,1.777502812168471e-16,4.322963010409958e-17,5.551115123125783e-17,5.788106381119248e-16,8.685498714887625e-17
0.8267349088394192,0.9999,0.9999999622559888,5.551115123125783e-17,8.186123873005104e-19,1.245211339292883e-18,5.820766091346741e-11,4.630485104895398e-16,6.14862153060786e-12,2.038040752591292e-16,4.9413458144052443e-17,5.551115123125783e-17,5.788106381119248e-16,7.669667691057324e-17
0.8267349088394192,0.99999,0.9999999996225599,2.7755575615628914e-17,7.689026221506836e-19,1.4194920234000125e-18,7.275957614183426e-11,5.788106381119248e-16,6.45573338199939e-12,2.1398369788875334e-16,5.2260344188500165e-17,2.7755575615628914e-17,5.788106381119248e-16,1.1713590635219783e-16
0.992081890607303,1e-05,1.1508508224670039e-09,1.734723475976807e-18,2.7669905056838643e-19,4.965616095872933e-20,5.7181934344898225e-11,4.548887398976311e-16,2.898898840120648e-12,9.60877807228026e-17,8.000523081106329e-08,5.551115123125783e-17,2.315242552447699e-16,6.238355161766596e-17
0.992081890607303,0.0001,1.1508508273356159e-07,0.0,5.646996606382842e-21,2.0274505618510355e-21,5.3586482473555463e-11,4.262865145644895e-16,2.9335773031926475e-12,9.72372435841308e-17,7.369164208853754e-10,8.326672684688674e-17,3.472863828671549e-16,1.230805240489648e-16
0.992081890607303,0.01,0.0011508508273934133,8.673617379884035e-18,1.8562139054008817e-18,4.311333216706769e-19,7.30153715267079e-11,5.80845519261537e-16,4.504724667494669e-12,1.4931497093869374e-16,8.731956141254109e-14,8.326672684688674e-17,3.472863828671549e-16,1.434585073492069e-16
0.992081890607303,0.05,0.02481967411016534,2.42861286636753e-17,4.872882708070266e-18,1.035593995798074e-18,8.094502845779061e-11,6.439268348995163e-16,6.198278958224355e-12,2.0545003542511888e-16,3.390500059291923e-15,2.7755575615628914e-17,4.630485104895398e-16,1.8189604212274034e-16
0.992081890607303,0.15,0.10569704257926135,2.42861286636753e-17,4.2932215667134474e-18,9.723879207613994e-19,6.366462912410498e-11,5.064593083479342e-16,4.46718393149888e-12,1.4807063431038082e-16,6.504819819040922e-16,2.7755575615628914e-17,2.315242552447699e-16,2.47706510866333e-16
0.992081890607303,0.3,0.25365816116245926,3.469446951953614e-17,4.84869951806108e-18,1.3089243737983812e-18,4.001776687800884e-11,3.1834585096155867e-16,2.3187656159247056e-12,7.685850881270303e-17,1.6883057536160649e-16,5.551115123125783e-17,3.472863828671549e-16,8.893503625081131e-17
0.992081890607303,0.5,0.5000000000000001,4.163336342344337e-17,3.878959614448864e-18,1.2121749201579386e-18,3.637978807091713e-11,2.894053190559624e-16,3.858659226461245e-12,1.2790028975995462e-16,8.441528768080324e-17,2.7755575615628914e-17,2.315242552447699e-16,1.636066552600599e-16
0.992081890607303,0.7,0.7463418388375405,2.7755575615628914e-17,4.610090873601838e-18,1.1777450207792429e-18,2.9103830456733704e-11,2.315242552447699e-16,3.858659226461245e-12,1.2790028975995462e-16,5.43054346022841e-17,5.551115123125783e-17,5.788106381119248e-16,1.7566091960238103e-16
0.992081890607303,0.85,0.8943029574207388,2.7755575615628914e-17,5.553824967135427e-18,1.3735604948708198e-18,5.820766091346741e-11,4.630485104895398e-16,4.433786671143025e-12,1.469636385831059e-16,4.628819572127218e-17,2.7755575615628914e-17,4.630485104895398e-16,8.117163224883862e-17
0.992081890607303,0.95,0.9751803258898346,2.7755575615628914e-17,3.878959614448864e-18,1.4557458258026382e-18,2.9103830456733704e-11,2.315242552447699e-16,4.2251908630869664e-12,1.4004945862387968e-16,3.574185558556843e-17,5.551115123125783e-17,3.472863828671549e-16,1.1706011475166972e-16
0.992081890607303,0.99,0.9988491491726064,2.7755575615628914e-17,6.945786685186534e-18,6.90116162689275e-19,2.9103830456733704e-11,2.315242552447699e-16,3.6843131108750645e-12,1.2212136050155382e-16,2.980195483030077e-17,5.551115123125783e-17,5.788106381119248e-16,8.271500881118741e-17
0.992081890607303,0.9999,0.9999998849149172,5.551115123125783e-17,1.7820126515013126e-18,1.9525310291924254e-18,4.3655745685100555e-11,3.472863828671549e-16,8.328288349491658e-12,2.760519731309151e-16,6.670266949577324e-17,8.326672684688674e-17,4.630485104895398e-16,9.576316963294569e-17
0.992081890607303,0.99999,0.9999999988491489,0.0,1.0370654744291095e-17,6.082360112876495e-19,2.9103830456733704e-11,2.315242552447699e-16,4.724932889438255e-12,1.5661405949281278e-16,3.823838272077975e-17,2.7755575615628914e-17,4.630485104895398e-16,1.3589405786995179e-16
1.1574288723751869,1e-05,6.307410883839694e-10,3.3881317890172014e-21,7.0585971568629965e-22,2.294052962148618e-22,6.415915983714292e-11,5.103933559710464e-16,3.0888614563334556e-12,1.0238433925032489e-16,1.9017789990438836e-07,5.551115123125783e-17,5.788106381119248e-16,1.4366869401927305e-16
1.1574288723751869,0.0001,6.30741088408874e-08,3.3881317890172014e-20,7.90578062780676e-21,2.541203316353796e-21,5.6845462365062716e-11,4.522120673318684e-16,3.0747325416217477e-12,1.0191601795539718e-16,1.692058011409564e-09,2.7755575615628914e-17,2.315242552447699e-16,2.285730051079391e-16
1.1574288723751869,0.01,0.0006307410884069505,3.469446951953614e-18,8.696619271885118e-19,2.186821592549933e-19,5.5152327149698976e-11,4.387429856469493e-16,3.202290666283701e-12,1.0614409826723709e-16,1.5078337852410576e-13,2.7755575615628914e-17,5.788106381119248e-16,1.0383782040316499e-16
1.1574288723751869,0.05,0.015768527210174098,1.734723475976807e-17,4.062707683857622e-18,9.071102002705384e-19,7.639755494892597e-11,6.07751170017521e-16,5.536637267048523e-12,1.835190591320235e-16,6.03216210204077e-15,0.0,2.315242552447699e-16,2.1450358180615274e-16
1.1574288723751869,0.15,0.09702688996832182,2.7755575615628914e-17,5.333569469867188e-18,9.670846358375167e-19,7.09405867382884e-11,5.643403721591267e-16,4.677767858866215e-12,1.5505071307566017e-16,7.816041058999314e-16,5.551115123125783e-17,3.472863828671549e-16,1.7399584961048869e-16
1.1574288723751869,0.3,0.2481705786313755,3.469446951953614e-17,6.314488766312914e-18,1.080808730132047e-18,5.093170329928398e-11,4.051674466783474e-16,2.2737367544323206e-12,7.536596850415688e-17,2.2301825219878386e-16,2.7755575615628914e-17,3.472863828671549e-16,1.6186146769545593e-16
1.1574288723751869,0.5,0.49999999999999983,2.7755575615628914e-17,4.670885906470169e-18,1.1742548019113733e-18,2.1827872842550278e-11,1.7364319143357744e-16,2.2737367544323206e-12,7.536596850415688e-17,5.721958498152797e-17,5.551115123125783e-17,3.472863828671549e-16,1.1460832231918032e-16
1.1574288723751869,0.7,0.7518294213686244,2.7755575615628914e-17,3.3871558665088805e-18,1.4551148406289605e-18,2.9103830456733704e-11,2.315242552447699e-16,4.290077928115626e-12,1.4220022497347764e-16,5.2845041577819695e-17,2.7755575615628914e-17,4.630485104895398e-16,1.0202280884539365e-16
1.1574288723751869,0.85,0.9029731100316781,5.551115123125783e-17,3.836298902887396e-18,1.4591484307385826e-18,5.820766091346741e-11,4.630485104895398e-16,4.480184655958063e-12,1.4850156026881114e-16,4.616613821149551e-17,5.551115123125783e-17,5.788106381119248e-16,1.0973450652446331e-16
1.1574288723751869,0.95,0.9842314727898257,2.7755575615628914e-17,4.620596947019919e-18,1.275459500657193e-18,2.9103830456733704e-11,2.315242552447699e-16,3.4838338570271113e-12,1.1547621431135026e-16,2.874178856619523e-17,5.551115123125783e-17,3.472863828671549e-16,8.011512345171548e-17
1.1574288723751869,0.99,0.9993692589115928,0.0,8.489963979496434e-18,7.002286218318329e-19,1.4551915228366852e-11,1.1576212762238496e-16,3.3321348378595237e-12,1.1044795258386179e-16,2.6773428154262035e-17,2.7755575615628914e-17,4.630485104895398e-16,1.647957513210618e-16
1.1574288723751869,0.9999,0.9999999369258913,5.551115123125783e-17,6.450185495294328e-18,4.918052683677837e-19,2.9103830456733704e-11,2.315242552447699e-16,3.712271306370825e-12,1.2304807133430921e-16,3.026147912882969e-17,2.7755575615628914e-17,0.0,2.7763563600255707e-16
1.1574288723751869,0.99999,0.9999999993692585,0.0,6.1584818036753425e-18,9.699444345961629e-19,2.9103830456733704e-11,2.315242552447699e-16,3.0716492088018404e-12,1.0181381687000768e-16,2.499221235210942e-17,5.551115123125783e-17,5.788106381119248e-16,1.867233696954265e-16
1.3227758541430708,1e-05,3.3018950503793263e-10,5.505714157152952e-21,1.2705510364690409e-21,2.911679795154492e-22,5.945030580290726e-11,4.729338908001826e-16,3.076414357834259e-12,1.0197176394598066e-16,3.3761753405556534e-07,5.551115123125783e-17,4.630485104895398e-16,4.5610423124967873e-17
1.3227758541430708,0.0001,3.3018950502434834e-08,1.6940658945086007e-20,3.388131814263832e-21,8.470846548080281e-22,5.370704748985933e-11,4.272456228732677e-16,3.052939690566331e-12,1.0119366550054213e-16,3.063191478157547e-09,2.7755575615628914e-17,1.1576212762238496e-16,2.2078538939172762e-16
1.3227758541430708,0.01,0.0003301895050238963,1.3010426069826053e-18,2.897050809196124e-19,6.31193644793614e-20,5.5855764458101476e-11,4.443389088083829e-16,3.0934808438121005e-12,1.0253745486960025e-16,3.090467288762026e-13,2.7755575615628914e-17,2.315242552447699e-16,1.4924079380016516e-16
1.3227758541430708,0.05,0.00825473762559741,5.204170427930421e-18,1.197540441072113e-18,2.926040842924821e-19,5.88897819397971e-11,4.684748602218391e-16,3.3103743015392775e-12,1.0972667124302571e-16,1.1326827753240135e-14,5.551115123125783e-17,4.630485104895398e-16,4.6611277307941895e-17
1.3227758541430708,0.15,0.07407129544570641,4.163336342344337e-17,6.4032212953076506e-18,1.2178436939737209e-18,6.730260793119669e-11,5.353998402535304e-16,5.7126928943039786e-12,1.8935465238302276e-16,9.93498412932028e-16,5.551115123125783e-17,3.472863828671549e-16,1.0422598457865148e-16
1.3227758541430708,0.3,0.2366314734055496,4.85722573273506e-17,7.337413799674976e-18,1.305552300251628e-18,6.184563972055912e-11,4.919890423951361e-16,3.637978807091713e-12,1.2058554960665102e-16,2.8066088919804617e-16,5.551115123125783e-17,4.630485104895398e-16,8.893503625081131e-17
1.3227758541430708,0.5,0.49999999999999983,2.7755575615628914e-17,4.949474949036157e-18,1.0520490129034691e-18,2.9103830456733704e-11,2.315242552447699e-16,4.547473508864641e-12,1.5073193700831375e-16,1.0315407380583415e-16,5.551115123125783e-17,2.315242552447699e-16,1.2274476557365196e-16
1.3227758541430708,0.7,0.7633685265944501,2.7755575615628914e-17,4.3853263937194714e-18,1.207316443613536e-18,2.9103830456733704e-11,2.315242552447699e-16,4.067383956680332e-12,1.3481874301232236e-16,5.1019748043878786e-17,5.551115123125783e-17,5.788106381119248e-16,2.2165796320937073e-16
1.3227758541430708,0.85,0.9259287045542934,5.551115123125783e-17,3.529906531158615e-18,1.5880184899737279e-18,5.820766091346741e-11,4.630485104895398e-16,5.109587858497487e-12,1.693639498337126e-16,5.0888712644706707e-17,8.326672684688674e-17,6.945727657343098e-16,1.5738004119842728e-16
1.3227758541430708,0.95,0.9917452623744023,0.0,8.08910202768429e-18,1.6130501014617969e-18,4.3655745685100555e-11,3.472863828671549e-16,1.8646027759651505e-12,6.180468948844444e-17,1.5345195611549584e-17,2.7755575615628914e-17,4.630485104895398e-16,9.106504622802082e-17
1.3227758541430708,0.99,0.9996698104949758,5.551115123125783e-17,1.4147244485469e-18,1.7346809554489998e-18,5.820766091346741e-11,4.630485104895398e-16,6.2051172727432115e-12,2.0567670027347697e-16,5.008075245729107e-17,8.326672684688674e-17,6.945727657343098e-16,1.7118042582103857e-16
1.3227758541430708,0.9999,0.9999999669810494,2.7755575615628914e-17,1.4129085152240004e-18,1.5317309149912813e-18,4.3655745685100555e-11,3.472863828671549e-16,6.489118819822732e-12,2.1509030174277762e-16,5.2157224297761193e-17,5.551115123125783e-17,5.788106381119248e-16,1.0120179181566895e-16
1.3227758541430708,0.99999,0.9999999996698106,5.551115123125783e-17,1.4129085217140868e-18,1.9979718934685686e-18,7.275957614183426e-11,5.788106381119248e-16,5.719829302950635e-12,1.895911979498076e-16,4.6317137111987767e-17,5.551115123125783e-17,5.788106381119248e-16,7.951466853850928e-17
1.4881228359109546,1e-05,2.722751295585136e-10,3.3881317890172014e-21,9.176195647724034e-22,2.1175823683759034e-22,5.56000733057142e-11,4.4230485683996084e-16,3.0959206866679185e-12,1.0261832664135141e-16,3.84337306169713e-07,5.551115123125783e-17,5.788106381119248e-16,4.3427493574438123e-17
1.4881228359109546,0.0001,2.7227512955206103e-08,1.0164395367051604e-20,3.388131789192547e-21,8.470329476049266e-22,6.427114656454291e-11,5.112842230236541e-16,3.0601715080787495e-12,1.0143337351854653e-16,4.4131413253479464e-09,2.7755575615628914e-17,4.630485104895398e-16,1.3508180422443925e-16
1.4881228359109546,0.01,0.00027227512955294887,3.469446951953614e-18,8.31845027863613e-19,1.8976664636177757e-19,6.582467904081568e-11,5.23642749166882e-16,3.194170816896609e-12,1.0587495527521168e-16,4.2384986676019894e-13,8.326672684688674e-17,5.788106381119248e-16,7.900518715552576e-17
1.4881228359109546,0.05,0.006806878238823589,5.204170427930421e-18,1.165741691378591e-18,2.914556985888023e-19,5.88897819397971e-11,4.684748602218391e-16,3.382609874912739e-12,1.1212101348037203e-16,1.3821244040626254e-14,2.7755575615628914e-17,2.315242552447699e-16,1.942890414144966e-16
1.4881228359109546,0.15,0.061261904149412204,1.734723475976807e-17,3.903339573440631e-18,7.602336585769522e-19,5.638867150992155e-11,4.485782445367417e-16,3.6302267421683094e-12,1.2032859731007556e-16,1.1491688727108652e-15,2.7755575615628914e-17,3.472863828671549e-16,6.214836974392253e-17
1.4881228359109546,0.3,0.2333333333333332,4.163336342344337e-17,6.411477009882777e-18,1.3202415374008928e-18,5.820766091346741e-11,4.630485104895398e-16,3.915599813648106e-12,1.2978765974338287e-16,3.484376818526499e-16,5.551115123125783e-17,3.472863828671549e-16,1.4496933493572838e-16
1.4881228359109546,0.5,0.49999999999999983,1.3877787807814457e-17,4.801191958214654e-18,1.1919514098075818e-18,2.9103830456733704e-11,2.315242552447699e-16,4.022650958394054e-12,1.3333600947539544e-16,9.469747252991005e-17,2.7755575615628914e-17,4.630485104895398e-16,1.2082083870766579e-16
1.4881228359109546,0.7,0.7666666666666663,2.7755575615628914e-17,5.553824967135427e-18,1.2834536589163975e-18,1.4551915228366852e-11,1.1576212762238496e-16,4.323464252094349e-12,1.4330685820027713e-16,4.875969497647751e-17,5.551115123125783e-17,4.630485104895398e-16,1.3022456452542092e-16
1.4881228359109546,0.85,0.9387380958505873,2.7755575615628914e-17,1.788112030672749e-18,1.6560999646031055e-18,4.3655745685100555e-11,3.472863828671549e-16,5.35241990615003e-12,1.7741293458074007e-16,4.979782005765611e-17,8.326672684688674e-17,6.945727657343098e-16,2.0790628243806009e-16
1.4881228359109546,0.95,0.9931931217611762,0.0,1.1278308579744773e-17,7.285403113161504e-19,1.4551915228366852e-11,1.1576212762238496e-16,5.764774700209146e-12,1.9108097172752772e-16,4.6525286859708806e-17,2.7755575615628914e-17,2.315242552447699e-16,2.5755017200795356e-16
1.4881228359109546,0.99,0.9997277248704469,5.551115123125783e-17,3.88830277361098e-18,1.6742244773412022e-18,4.3655745685100555e-11,3.472863828671549e-16,5.162746995056086e-12,1.7112597870700835e-16,4.212289392842322e-17,5.551115123125783e-17,5.788106381119248e-16,7.480452041825322e-17
1.4881228359109546,0.9999,0.9999999727724868,0.0,1.2622425734305837e-17,1.2239278118728564e-18,4.3655745685100555e-11,3.472863828671549e-16,4.540807284647161e-12,1.5051097631731165e-16,3.6594031814720145e-17,2.7755575615628914e-17,5.788106381119248e-16,1.7747045377053118e-16
1.4881228359109546,0.99999,0.9999999997277246,0.0,1.1353352520431011e-17,1.4927893157605248e-18,0.0,0.0,2.519292371976148e-12,8.350522952535957e-17,1.999170025984728e-17,5.551115123125783e-17,3.472863828671549e-16,1.250513111280449e-16
1.6534698176788385,1e-05,2.722751295585136e-10,2.964615315390051e-21,8.470329473161012e-22,1.9411158247463523e-22,5.230014050961948e-11,4.1605351909562445e-16,3.048785149313663e-12,1.010559578153462e-16,3.6219967207258863e-07,5.551115123125783e-17,4.630485104895398e-16,1.7533726954467718e-16
1.6534698176788385,0.0001,2.7227512955206103e-08,1.0164395367051604e-20,3.388131789192547e-21,6.353264099594486e-22,5.307119327335741e-11,4.221873308337128e-16,3.0816658794043516e-12,1.0214583247369345e-16,3.6700231353360265e-09,2.7755575615628914e-17,4.630485104895398e-16,1.2978765974338287e-16
1.6534698176788385,0.01,0.00027227512955294887,3.469446951953614e-18,8.31845027863613e-19,1.8976310144915733e-19,6.685496600766783e-11,5.31838798241709e-16,3.2223908910017395e-12,1.0681034641582912e-16,4.312359707731852e-13,5.551115123125783e-17,6.945727657343098e-16,1.854236414352891e-16
1.6534698176788385,0.05,0.006806878238823589,5.204170427930421e-18,1.165741691378591e-18,2.914556985888023e-19,5.650235834764317e-11,4.494826361587916e-16,3.3169048947770125e-12,1.0994313626841142e-16,1.3317903398095247e-14,0.0,2.315242552447699e-16,8.314308779292438e-17
1.6534698176788385,0.15,0.061261904149412204,1.734723475976807e-17,3.903339573440631e-18,7.602336585769522e-19,6.912159733474255e-11,5.498701062063285e-16,3.926544278004404e-12,1.301504282804018e-16,1.4465055961975754e-15,2.7755575615628914e-17,4.630485104895398e-16,1.517178907305535e-16
1.6534698176788385,0.3,0.2333333333333332,3.469446951953614e-17,5.0026267829018086e-18,1.3176304697701947e-18,5.4569682106375694e-11,4.3410797858394363e-16,4.888534022029489e-12,1.620368322839373e-16,3.1434414772541517e-16,5.551115123125783e-17,3.472863828671549e-16,1.2646277017517325e-16
1.6534698176788385,0.5,0.49999999999999983,2.7755575615628914e-17,6.2546344413855015e-18,1.1054165825915876e-18,4.3655745685100555e-11,3.472863828671549e-16,5.0138344411607124e-12,1.661900780030791e-16,1.3185039633475853e-16,5.551115123125783e-17,4.630485104895398e-16,1.095402286975119e-16
1.6534698176788385,0.7,0.7666666666666664,1.3877787807814457e-17,5.485677294651096e-18,1.1920447273708306e-18,2.9103830456733704e-11,2.315242552447699e-16,3.279229782005122e-12,1.0869434554669667e-16,4.654751537338637e-17,2.7755575615628914e-17,4.630485104895398e-16,1.0202280884539365e-16
1.6534698176788385,0.85,0.9387380958505873,2.7755575615628914e-17,1.927367588082446e-18,1.706784630124035e-18,4.3655745685100555e-11,3.472863828671549e-16,5.43442111062046e-12,1.8013097139013503e-16,5.0515910130503314e-17,8.326672684688674e-17,6.945727657343098e-16,2.006773706444208e-16
1.6534698176788385,0.95,0.9931931217611762,0.0,1.0318611718592999e-17,1.2466993151665794e-18,1.4551915228366852e-11,1.1576212762238496e-16,2.30829078921567e-12,7.651130702766756e-17,1.7970303504891028e-17,2.7755575615628914e-17,2.315242552447699e-16,1.784379828744087e-16
1.6534698176788385,0.99,0.9997277248704469,5.551115123125783e-17,1.4127648508001644e-18,1.8855626648313637e-18,2.9103830456733704e-11,2.315242552447699e-16,5.534940923482295e-12,1.834628316133649e-16,4.449669273947254e-17,5.551115123125783e-17,4.630485104895398e-16,1.6774484253328128e-16
1.6534698176788385,0.9999,0.9999999727724868,0.0,1.1455965828440214e-17,1.6199763590606546e-18,2.9103830456733704e-11,2.315242552447699e-16,2.6643741978791617e-12,8.831415575669105e-17,2.068980480322239e-17,2.7755575615628914e-17,4.630485104895398e-16,2.5137685841249677e-17
1.6534698176788385,0.99999,0.9999999997277246,0.0,1.1905172897841476e-17,8.479295984869581e-19,1.4551915228366852e-11,1.1576212762238496e-16,5.9117838825461445e-12,1.9595378270014108e-16,4.734277757588661e-17,5.551115123125783e-17,4.630485104895398e-16,2.043411723551987e-16
1.8188167994467224,1e-05,3.3018950503793263e-10,5.505714157152952e-21,1.2705510364690409e-21,2.9116757561891476e-22,5.1814048270839e-11,4.1218660048739448e-16,3.069044336019514e-12,1.0172747496622861e-16,2.958698520452062e-07,5.551115123125783e-17,4.630485104895398e-16,2.0815372397970622e-16
1.8188167994467224,0.0001,3.3018950502434834e-08,1.6940658945086007e-20,3.9528893738773726e-21,5.647058902018646e-22,5.7205076613164874e-11,4.550728392529747e-16,3.0743287122733416e-12,1.0190263250525933e-16,3.250196834642138e-09,0.0,2.315242552447699e-16,1.983486571933846e-16
1.8188167994467224,0.01,0.0003301895050238963,1.3010426069826053e-18,2.897050809196124e-19,7.24257937855401e-20,6.301803523456329e-11,5.013155809975255e-16,3.101325927002941e-12,1.0279749037789769e-16,3.491403797669934e-13,2.7755575615628914e-17,2.315242552447699e-16,1.9545494097220857e-16
1.8188167994467224,0.05,0.00825473762559741,5.204170427930421e-18,1.197540441072113e-18,2.947661155305197e-19,6.616573955398053e-11,5.263559240330316e-16,3.118440851255826e-12,1.033647868512821e-16,1.330116688275229e-14,5.551115123125783e-17,5.788106381119248e-16,1.7753295349206078e-16
1.8188167994467224,0.15,0.07407129544570634,1.0408340855860843e-17,2.6223352097530134e-18,6.041144442337537e-19,6.548361852765083e-11,5.209295743007323e-16,3.126388037344441e-12,1.0362820669321572e-16,1.374829369656556e-15,2.7755575615628914e-17,3.472863828671549e-16,1.1778570092303722e-16
1.8188167994467224,0.3,0.23663147340554955,2.0816681711721685e-17,4.336808689942018e-18,8.833087655844322e-19,3.637978807091713e-11,2.894053190559624e-16,3.865352482534945e-12,1.281221464570667e-16,2.7344877050525285e-16,5.551115123125783e-17,4.630485104895398e-16,1.5241823861680573e-16
1.8188167994467224,0.5,0.49999999999999983,2.7755575615628914e-17,4.091337135425211e-18,1.127073853754493e-18,5.093170329928398e-11,4.051674466783474e-16,5.308091899646002e-12,1.7594362502433596e-16,1.4821483875836085e-16,5.551115123125783e-17,3.472863828671549e-16,1.3210560072657782e-16
1.8188167994467224,0.7,0.7633685265944501,4.163336342344337e-17,2.909219710836648e-18,1.2696049104209789e-18,2.9103830456733704e-11,2.315242552447699e-16,4.290077928115626e-12,1.4220022497347764e-16,5.682377955034956e-17,5.551115123125783e-17,5.788106381119248e-16,1.1311174029384813e-16
1.8188167994467224,0.85,0.9259287045542934,5.551115123125783e-17,3.4575681552013787e-18,1.2481575849323527e-18,5.820766091346741e-11,4.630485104895398e-16,5.658133494821097e-12,1.8754620996988196e-16,5.637851296924623e-17,5.551115123125783e-17,6.945727657343098e-16,1.1005754080150348e-16
1.8188167994467224,0.95,0.9917452623744023,0.0,9.175166606773321e-18,6.799643704826868e-19,2.9103830456733704e-11,2.315242552447699e-16,5.028313697992568e-12,1.6667001184424431e-16,4.1044176981033947e-17,2.7755575615628914e-17,3.472863828671549e-16,2.1277542811742808e-16
1.8188167994467224,0.99,0.9996698104949758,5.551115123125783e-17,3.989807156332214e-18,1.651701922108774e-18,7.275957614183426e-11,5.788106381119248e-16,5.5940971374744904e-12,1.854236414352891e-16,4.5998802500501224e-17,8.326672684688674e-17,8.103348933566948e-16,1.7186085035447062e-16
1.8188167994467224,0.9999,0.9999999669810494,2.7755575615628914e-17,2.4512577431067593e-18,1.8567070530954576e-18,2.9103830456733704e-11,2.315242552447699e-16,6.691607654590053e-12,2.2180205811200933e-16,5.371037326476136e-17,5.551115123125783e-17,4.630485104895398e-16,1.729419087479207e-16
1.8188167994467224,0.99999,0.9999999996698106,5.551115123125783e-17,2.4512577468595525e-18,1.7567868235186945e-18,5.820766091346741e-11,4.630485104895398e-16,6.003913734507884e-12,1.990075467331611e-16,4.8834853731205714e-17,5.551115123125783e-17,4.630485104895398e-16,1.7046084424315367e-16
1.984163781214606,1e-05,6.307410883839694e-10,3.3881317890172014e-21,7.0585971568629965e-22,2.294052958052619e-22,6.366129897002713e-11,5.064328165964835e-16,3.052352120167747e-12,1.0117418971379271e-16,1.8864989901073375e-07,5.551115123125783e-17,5.788106381119248e-16,1.4040388659859725e-16
1.984163781214606,0.0001,6.30741088408874e-08,1.2197274440461925e-19,3.0493188300148334e-20,7.341022510874012e-21,5.374972862626226e-11,4.275851561293242e-16,3.0754129572411575e-12,1.0193857121801309e-16,1.6001720614130234e-09,8.326672684688674e-17,8.103348933566948e-16,2.5426417355351423e-16
1.984163781214606,0.01,0.0006307410884069505,3.469446951953614e-18,7.278102643075275e-19,1.8245841143631973e-19,6.609468528040452e-11,5.257906792692504e-16,3.1036649231736633e-12,1.0287501945481935e-16,1.8492665465382497e-13,2.7755575615628914e-17,5.788106381119248e-16,9.830132090200505e-17
1.984163781214606,0.05,0.01576852721017403,3.469446951953614e-18,4.412383163948269e-19,2.90041694140644e-19,5.411493475548923e-11,4.304904120957441e-16,2.873862101223869e-12,9.525790537709111e-17,5.7519412628172044e-15,0.0,3.472863828671549e-16,9.268788582097162e-17
1.984163781214606,0.15,0.0970268899683217,3.469446951953614e-18,1.3189888700125507e-18,4.412383163948269e-19,6.002665031701326e-11,4.775187764423379e-16,3.4407880662960352e-12,1.1404940546808786e-16,1.0408340855860843e-15,2.7755575615628914e-17,4.630485104895398e-16,9.797575905540394e-17
1.984163781214606,0.3,0.24817057863137543,6.938893903907228e-18,2.6020852139652106e-18,6.550232347406731e-19,2.546585164964199e-11,2.025837233391737e-16,4.367705676554248e-12,1.4477329788197028e-16,2.2591401799415137e-16,2.7755575615628914e-17,2.315242552447699e-16,7.949234236411482e-17
1.984163781214606,0.5,0.49999999999999983,2.7755575615628914e-17,5.364336092018247e-18,1.0968661232739364e-18,2.9103830456733704e-11,2.315242552447699e-16,4.897778860262864e-12,1.6234326449767723e-16,1.138063217752167e-16,5.551115123125783e-17,4.630485104895398e-16,1.3381439414358814e-16
1.984163781214606,0.7,0.7518294213686243,4.163336342344337e-17,4.336808689942018e-18,9.583083854271088e-19,4.3655745685100555e-11,3.472863828671549e-16,5.1448789686149945e-12,1.705337196799395e-16,7.376145397762941e-17,5.551115123125783e-17,3.472863828671549e-16,1.785473716779295e-16
1.984163781214606,0.85,0.9029731100316781,5.551115123125783e-17,2.5287722848198975e-18,1.5375997571186482e-18,4.3655745685100555e-11,3.472863828671549e-16,4.897778860262864e-12,1.6234326449767723e-16,5.2186064346577006e-17,5.551115123125783e-17,4.630485104895398e-16,1.36493574222775e-16
1.984163781214606,0.95,0.984231472789826,1.1102230246251565e-16,6.888857668846598e-18,2.4317818783973056e-18,7.275957614183426e-11,5.788106381119248e-16,1.0225497508949437e-11,3.3893744370210777e-16,8.618363919229569e-17,8.326672684688674e-17,3.472863828671549e-16,1.818570044482651e-16
1.984163781214606,0.99,0.9993692589115928,0.0,8.90401034216672e-18,1.103281774856488e-18,2.9103830456733704e-11,2.315242552447699e-16,2.5579538487363607e-13,8.478671456717649e-18,1.7482234731686756e-18,2.7755575615628914e-17,4.630485104895398e-16,7.328831844403032e-17
1.984163781214606,0.9999,0.9999999369258913,5.551115123125783e-17,7.836401479221884e-18,6.82208644520599e-19,2.9103830456733704e-11,2.315242552447699e-16,1.2518464442078561e-12,4.149408215453922e-17,1.0634028237178236e-17,2.7755575615628914e-17,0.0,2.5903454411426166e-16
1.984163781214606,0.99999,0.9999999993692585,0.0,6.619417555331807e-18,8.815583840141523e-19,2.9103830456733704e-11,2.315242552447699e-16,5.240704272917405e-13,1.7370997429775246e-17,4.358438792651351e-18,5.551115123125783e-17,5.788106381119248e-16,2.3400647766432874e-17
2.14951076298249,1e-05,1.1508508224670039e-09,1.734723475976807e-18,2.7761169835849264e-19,4.994180783054119e-20,6.00684423263196e-11,4.778512365920154e-16,3.2472358148212334e-12,1.0763386380077618e-16,1.1290635793152499e-07,5.551115123125783e-17,8.103348933566948e-16,9.581875971287878e-17
2.14951076298249,0.0001,1.1508508273356159e-07,1.734723475976807e-18,2.7680792095623074e-19,4.9992839661194595e-20,5.343153350323426e-11,4.250538780217536e-16,3.2113601405141793e-12,1.0644471781251692e-16,1.0230496308130998e-09,2.7755575615628914e-17,2.315242552447699e-16,1.846562355911497e-16
2.14951076298249,0.01,0.0011508508273934018,1.734723475976807e-18,3.257719988697288e-19,9.236155388093524e-20,5.647393663821276e-11,4.492565382532792e-16,2.789920966152897e-12,9.247556703927349e-17,9.853772712370189e-14,0.0,2.315242552447699e-16,1.8420630279460115e-16
2.14951076298249,0.05,0.024819674110165314,3.469446951953614e-18,1.2230357972771528e-18,3.726328893037794e-19,6.866684998385608e-11,5.46252539718129e-16,2.710066255772339e-12,8.982867857440708e-17,4.661304951791234e-15,2.7755575615628914e-17,3.472863828671549e-16,1.3430429164946193e-16
2.14951076298249,0.15,0.10569704257926135,1.0408340855860843e-17,1.7482234731686756e-18,5.005269558365463e-19,6.002665031701326e-11,4.775187764423379e-16,3.4407880662960352e-12,1.1404940546808786e-16,9.618818769909475e-16,0.0,4.630485104895398e-16,1.153493321223587e-16
2.14951076298249,0.3,0.2536581611624593,1.3877787807814457e-17,2.6379777400251014e-18,3.2526065174565133e-19,3.637978807091713e-11,2.894053190559624e-16,4.897778860262864e-12,1.6234326449767723e-16,2.96997628699179e-16,5.551115123125783e-17,5.788106381119248e-16,1.7040877127898057e-16
2.14951076298249,0.5,0.5,2.7755575615628914e-17,3.496446946337351e-18,1.0070955628443512e-18,2.9103830456733704e-11,2.315242552447699e-16,4.290077928115626e-12,1.4220022497347764e-16,1.1188630228279524e-16,5.551115123125783e-17,4.630485104895398e-16,1.7040877127898057e-16
2.14951076298249,0.7,0.7463418388375406,2.7755575615628914e-17,4.091337135425211e-18,1.3328412649975173e-18,4.3655745685100555e-11,3.472863828671549e-16,4.290077928115626e-12,1.4220022497347764e-16,6.546139416680338e-17,5.551115123125783e-17,4.630485104895398e-16,1.0849820521446624e-16
2.14951076298249,0.85,0.8943029574207391,5.551115123125783e-17,8.730352438894842e-18,1.9166167708542177e-18,8.731149137020111e-11,6.945727657343098e-16,1.2430916224581455e-11,4.1203892175878766e-16,1.2950149359702179e-16,2.7755575615628914e-17,4.630485104895398e-16,2.3523963221466104e-16
2.14951076298249,0.95,0.9751803258898346,0.0,2.3536178806786012e-18,1.6200797758738267e-18,2.9103830456733704e-11,2.315242552447699e-16,4.9983436695084965e-12,1.656766161847001e-16,4.224327714674015e-17,2.7755575615628914e-17,3.472863828671549e-16,1.6098177929224988e-16
2.14951076298249,0.99,0.9988491491726065,0.0,7.834817955582948e-18,9.449129943485152e-19,1.4551915228366852e-11,1.1576212762238496e-16,1.4771088058508079e-12,4.896069675698177e-17,1.2049774363595733e-17,2.7755575615628914e-17,2.315242552447699e-16,1.0120179181566895e-16
2.14951076298249,0.9999,0.9999998849149172,0.0,8.088358000584815e-18,1.1032622040308593e-18,4.3655745685100555e-11,3.472863828671549e-16,2.014535897009108e-12,6.677441822080601e-17,1.5565760360210158e-17,2.7755575615628914e-17,4.630485104895398e-16,9.219344449518119e-17
2.14951076298249,0.99999,0.9999999988491491,5.551115123125783e-17,6.369990359442449e-18,2.085378535116768e-18,7.275957614183426e-11,5.788106381119248e-16,9.389020405094694e-12,3.112113197606823e-16,7.619866663171743e-17,5.551115123125783e-17,6.945727657343098e-16,2.0472518903959163e-16
2.3148577447503738,1e-05,3.7744010557082053e-10,1.734723475976807e-18,2.775668110792368e-19,4.9963864346094584e-20,5.661683751353617e-11,4.503933308408481e-16,3.1222609653274784e-12,1.0349140951164294e-16,3.249200715504096e-07,8.326672684688674e-17,6.945727657343098e-16,8.510537436313901e-17
2.3148577447503738,0.0001,3.7744011125086805e-08,0.0,0.0,7.056884600843017e-23,5.5950680720451285e-11,4.450939783853524e-16,3.0057524349157795e-12,9.962958240419224e-17,3.190514248487643e-09,2.7755575615628914e-17,3.472863828671549e-16,1.9908111740533807e-16
2.3148577447503738,0.01,0.0003774401111628273,1.734723475976807e-18,2.8208231984157257e-19,5.427799832145812e-20,5.848477258041385e-11,4.652529650682864e-16,3.2578621733314144e-12,1.0798608830487984e-16,3.321904314776191e-13,5.551115123125783e-17,2.315242552447699e-16,1.2088326039451886e-16
2.3148577447503738,0.05,0.009436002779070776,1.734723475976807e-18,2.710505431213761e-19,4.4434931837427307e-20,4.979483492206782e-11,3.961235304578486e-16,3.358094429072919e-12,1.1130841707253037e-16,1.106306048170457e-14,5.551115123125783e-17,3.472863828671549e-16,1.634139676446035e-16
2.3148577447503738,0.15,0.08127045642048081,3.469446951953614e-18,6.85709661831387e-19,2.2677715460000613e-19,5.4569682106375694e-11,4.3410797858394363e-16,3.410605131648481e-12,1.1304895275623533e-16,1.1825471375888454e-15,0.0,5.788106381119248e-16,1.296645150276895e-16
2.3148577447503738,0.3,0.2396459209956135,6.938893903907228e-18,1.734723475976807e-18,6.639355251516203e-19,2.9103830456733704e-11,2.315242552447699e-16,5.084229945850415e-12,1.6852342876540293e-16,2.8877805767053584e-16,5.551115123125783e-17,5.788106381119248e-16,1.4205035643546758e-16
2.3148577447503738,0.5,0.5,1.3877787807814457e-17,3.469446951953614e-18,1.0012424927022214e-18,2.9103830456733704e-11,2.315242552447699e-16,5.823607568738997e-12,1.9303106384262705e-16,1.2794688166302258e-16,2.7755575615628914e-17,2.315242552447699e-16,1.7727030658407272e-16
2.3148577447503738,0.7,0.7603540790043866,4.163336342344337e-17,3.3871558665088805e-18,1.5786221915782286e-18,5.820766091346741e-11,4.630485104895398e-16,5.697967974875459e-12,1.8886657573487395e-16,9.047210765559601e-17,5.551115123125783e-17,5.788106381119248e-16,9.862580808122884e-17
2.3148577447503738,0.85,0.9187295435795195,8.326672684688674e-17,1.2080951063475723e-17,2.7409630186656923e-18,7.275957614183426e-11,5.788106381119248e-16,1.3841810191683565e-11,4.588048413754895e-16,1.3011582500748725e-16,2.7755575615628914e-17,2.315242552447699e-16,1.9497075544386608e-16
2.3148577447503738,0.95,0.9905639972209291,2.7755575615628914e-17,6.608799231991493e-18,9.482896068074615e-19,4.3655745685100555e-11,3.472863828671549e-16,1.9065862296939056e-12,6.31962857870261e-17,1.7107047482856787e-17,5.551115123125783e-17,4.630485104895398e-16,1.029235370261936e-16
2.3148577447503738,0.99,0.9996225598888369,0.0,6.158235010074002e-18,9.36173800794855e-19,1.4551915228366852e-11,1.1576212762238496e-16,3.3993362550896683e-12,1.1267543115389805e-16,2.716050873606816e-17,5.551115123125783e-17,4.630485104895398e-16,1.4156532257600498e-16
2.3148577447503738,0.9999,0.9999999622559886,0.0,5.9091142345288545e-18,1.0081058854350098e-18,2.9103830456733704e-11,2.315242552447699e-16,4.423298315172369e-12,1.4661598835305886e-16,3.569117143074876e-17,5.551115123125783e-17,5.788106381119248e-16,1.5537092435980635e-16
2.3148577447503738,0.99999,0.9999999996225598,2.7755575615628914e-17,5.1659754202896774e-18,1.132319151793415e-18,2.9103830456733704e-11,2.315242552447699e-16,3.894085366131083e-12,1.2907453533670232e-16,3.1695070156299177e-17,5.551115123125783e-17,3.472863828671549e-16,1.0465087824654505e-16
2.4802047265182576,1e-05,2.8299139508986204e-10,0.0,4.9911704678827346e-23,1.4124191381438126e-23,5.30880343212279e-11,4.2232130326979994e-16,3.145680876077356e-12,1.0426769298091645e-16,4.119698292218132e-07,5.551115123125783e-17,5.788106381119248e-16,9.290307790021935e-17
2.4802047265182576,0.0001,2.829913959012974e-08,0.0,7.986146955785253e-22,1.7642211502107543e-23,5.564479996569838e-11,4.4266066246691493e-16,3.0111708160500807e-12,9.980918170965943e-17,4.241217624462296e-09,5.551115123125783e-17,6.945727657343098e-16,7.541894158395568e-17
2.4802047265182576,0.01,0.0002829913958997093,1.734723475976807e-18,2.924914047531866e-19,5.0894276139702383e-20,6.45030695523019e-11,5.131291965605521e-16,3.0030382841090925e-12,9.953961833785362e-17,4.735469174876572e-13,2.7755575615628914e-17,2.315242552447699e-16,2.5917840463249603e-16
2.4802047265182576,0.05,0.007074784897492813,0.0,1.3552527156068805e-19,5.536252960507636e-20,6.355094228638336e-11,5.055549167258844e-16,3.3826610642798025e-12,1.1212271021866785e-16,1.8315720123821585e-14,5.551115123125783e-17,4.630485104895398e-16,1.171965043419482e-16
2.4802047265182576,0.15,0.0636730640774353,3.469446951953614e-18,3.0665868333667484e-19,1.7773972734970923e-19,5.275069270282984e-11,4.196377126311455e-16,3.892010401756054e-12,1.2900575793781e-16,1.6082074873341497e-15,8.326672684688674e-17,5.788106381119248e-16,1.2268690803304709e-16
2.4802047265182576,0.3,0.2334418130273649,1.3877787807814457e-17,1.5636586103463754e-18,4.863828102461942e-19,1.8189894035458565e-11,1.447026595279812e-16,5.624914082024125e-12,1.8644510923176758e-16,2.68024601344063e-16,5.551115123125783e-17,3.472863828671549e-16,1.1460832231918032e-16
2.4802047265182576,0.5,0.5000000000000001,1.3877787807814457e-17,2.6020852139652106e-18,8.844947799038844e-19,2.9103830456733704e-11,2.315242552447699e-16,6.558459564010244e-12,2.1738869109339334e-16,1.5011122659325205e-16,0.0,2.315242552447699e-16,1.6221200728891348e-16
2.4802047265182576,0.7,0.7665581869726349,4.163336342344337e-17,3.998340051969456e-18,1.5375997571186482e-18,2.9103830456733704e-11,2.315242552447699e-16,4.834030647877921e-12,1.6023024690343096e-16,6.628369094757308e-17,5.551115123125783e-17,4.630485104895398e-16,1.3210560072657782e-16
2.4802047265182576,0.85,0.9363269359225643,0.0,6.347908816782738e-18,9.966407208441931e-19,1.4551915228366852e-11,1.1576212762238496e-16,3.279229782005122e-12,1.0869434554669667e-16,2.98453111774546e-17,5.551115123125783e-17,4.630485104895398e-16,1.4205035643546758e-16
2.4802047265182576,0.95,0.9929252151025071,5.551115123125783e-17,3.036975888962468e-18,1.0978383540291697e-18,1.4551915228366852e-11,1.1576212762238496e-16,4.792409278788453e-12,1.5885065237218983e-16,3.889853889773301e-17,8.326672684688674e-17,3.472863828671549e-16,1.346211097621479e-16
2.4802047265182576,0.99,0.9997170086041004,5.551115123125783e-17,3.88728336858886e-18,1.0910652403346333e-18,5.820766091346741e-11,4.630485104895398e-16,4.554928097505951e-12,1.5097902906576376e-16,3.7304748384776567e-17,5.551115123125783e-17,3.472863828671549e-16,1.1648629651823598e-16
2.4802047265182576,0.9999,0.9999999717008602,5.551115123125783e-17,3.887588371202515e-18,1.2762001993084337e-18,5.820766091346741e-11,4.630485104895398e-16,4.655958350605312e-12,1.543278084960169e-16,3.812940352401287e-17,8.326672684688674e-17,5.788106381119248e-16,1.5269747837203493e-16
2.4802047265182576,0.99999,0.9999999997170085,0.0,1.3212781001481514e-17,1.7249784043951107e-18,0.0,0.0,4.749062685324457e-12,1.574138730302534e-16,3.760353260654039e-17,2.7755575615628914e-17,2.315242552447699e-16,1.225167934946427e-16
2.6455517082861415,1e-05,2.6727589768243815e-10,1.734723475976807e-18,2.7753150839712235e-19,4.995614416016521e-20,6.105920897201984e-11,4.857328970527619e-16,3.3458659265753673e-12,1.1090308741759694e-16,4.965259068043653e-07,5.551115123125783e-17,5.788106381119248e-16,7.684118598265407e-17
2.6455517082861415,0.0001,2.6727591031764584e-08,0.0,0.0,6.112187634739514e-23,5.427198881274853e-11,4.3173979484260226e-16,3.1799342138229956e-12,1.0540306450915859e-16,4.454045378229194e-09,5.551115123125783e-17,5.788106381119248e-16,1.0397448288942243e-16
2.6455517082861415,0.01,0.00026727591034638224,1.734723475976807e-18,2.924914047531866e-19,5.527985173549079e-20,6.10214101470774e-11,4.854322031352745e-16,2.902130563398814e-12,9.61949004033556e-17,4.762968874256458e-13,5.551115123125783e-17,4.630485104895398e-16,8.847480010183654e-17
2.6455517082861415,0.05,0.006681897758659243,1.734723475976807e-18,3.3881317890172014e-19,7.430753129057122e-20,5.206857167650014e-11,4.142113628988462e-16,3.128454387892137e-12,1.036966985755731e-16,1.6296334694784567e-14,2.7755575615628914e-17,2.315242552447699e-16,1.546982888202662e-16
2.6455517082861415,0.15,0.0601370798279337,0.0,7.27304927709162e-19,1.2713397391652026e-19,4.8203219193965197e-11,3.834620477491502e-16,3.4407880662960352e-12,1.1404940546808786e-16,1.5981162971611025e-15,5.551115123125783e-17,5.788106381119248e-16,8.60130109004554e-17
2.6455517082861415,0.3,0.23333333333333348,0.0,9.69739903612216e-19,2.737476298800061e-19,6.548361852765083e-11,5.209295743007323e-16,3.2155493553843714e-12,1.0658357479996219e-16,4.002966042486721e-16,0.0,3.472863828671549e-16,1.3612896566476295e-16
2.6455517082861415,0.5,0.4999999999999999,1.3877787807814457e-17,2.168404344971009e-18,9.02360091743619e-19,4.3655745685100555e-11,3.472863828671549e-16,5.084229945850415e-12,1.6852342876540293e-16,1.4288057044435644e-16,5.551115123125783e-17,4.630485104895398e-16,2.2850310391715854e-16
2.6455517082861415,0.7,0.7666666666666665,1.3877787807814457e-17,3.576224061345498e-18,9.884986996051268e-19,1.4551915228366852e-11,1.1576212762238496e-16,4.897778860262864e-12,1.6234326449767723e-16,5.594315114139762e-17,0.0,1.1576212762238496e-16,8.46819749168563e-17
2.6455517082861415,0.85,0.9398629201720662,5.551115123125783e-17,5.1542382879125504e-18,9.451855408463138e-19,4.3655745685100555e-11,3.472863828671549e-16,3.784252152648432e-12,1.2543397031003086e-16,3.7124703587397374e-17,8.326672684688674e-17,3.472863828671549e-16,1.6186146769545593e-16
2.6455517082861415,0.95,0.9933181022413408,2.7755575615628914e-17,4.86299725340624e-18,1.1192533239133839e-18,2.9103830456733704e-11,2.315242552447699e-16,3.674213669726739e-12,1.21786601360237e-16,3.009945192301271e-17,2.7755575615628914e-17,3.472863828671549e-16,1.1460832231918032e-16
2.6455517082861415,0.99,0.9997327240896534,2.7755575615628914e-17,3.88728336858886e-18,9.851197558472106e-19,5.820766091346741e-11,4.630485104895398e-16,4.886220079434134e-12,1.619601336404281e-16,4.023894803044249e-17,5.551115123125783e-17,5.788106381119248e-16,1.7759043380932016e-16
2.6455517082861415,0.9999,0.9999999732724085,0.0,3.887588371202515e-18,1.2762001993084337e-18,2.9103830456733704e-11,2.315242552447699e-16,4.6393598255885035e-12,1.5377762874843016e-16,3.749835119646756e-17,5.551115123125783e-17,5.788106381119248e-16,2.2947978298741395e-16
2.6455517082861415,0.99999,0.9999999997327238,2.7755575615628914e-17,5.7076345967470636e-18,1.2841372287462136e-18,2.9103830456733704e-11,2.315242552447699e-16,2.885748409277838e-12,9.565189255114714e-17,2.3519941358280816e-17,8.326672684688674e-17,5.788106381119248e-16,1.9429589323363344e-16
2.8108986900540254,1e-05,3.01136515418867e-10,1.734723475976807e-18,2.7756681288224624e-19,4.9965479983695527e-20,5.26002907544473e-11,4.184412481609997e-16,3.017855213828738e-12,1.0003074478703568e-16,3.8084065942451255e-07,0.0,2.315242552447699e-16,2.2154782757480518e-16
2.8108986900540254,0.0001,3.0113651680989905e-08,1.734723475976807e-18,2.7778553665261503e-19,4.988700693652579e-20,6.389489892039135e-11,5.08291130560128e-16,2.9314376562609815e-12,9.716632219758611e-17,4.454375177673853e-09,2.7755575615628914e-17,4.630485104895398e-16,1.574279674810163e-16
2.8108986900540254,0.01,0.0003011365167469896,1.734723475976807e-18,2.4054095265381137e-19,5.971366385966867e-20,6.258460416574962e-11,4.978675879384603e-16,3.3414888160354465e-12,1.1075800238325961e-16,4.440768595313819e-13,8.326672684688674e-17,6.945727657343098e-16,1.0291060178762306e-16
2.8108986900540254,0.05,0.007528412918674567,0.0,3.2751161737033656e-19,2.9342082006585146e-20,6.434675015043467e-11,5.118856580802335e-16,2.9561652111505853e-12,9.798594923636351e-17,1.7009911163117842e-14,2.7755575615628914e-17,4.630485104895398e-16,1.8916942543273772e-16
2.8108986900540254,0.15,0.06775571626807175,6.938893903907228e-18,2.42434975903054e-19,4.0657581468206416e-20,5.093170329928398e-11,4.051674466783474e-16,3.4124993862414236e-12,1.1311174029384813e-16,1.433918689684953e-15,5.551115123125783e-17,3.472863828671549e-16,8.869521099737488e-17
2.8108986900540254,0.3,0.23452478544633387,6.938893903907228e-18,0.0,2.4544670598653844e-19,5.820766091346741e-11,4.630485104895398e-16,4.637531231849411e-12,1.5371701762540606e-16,4.327222421404393e-16,5.551115123125783e-17,6.945727657343098e-16,1.3508180422443925e-16
2.8108986900540254,0.5,0.5,0.0,2.168404344971009e-18,6.543874293618793e-19,4.3655745685100555e-11,3.472863828671549e-16,4.547473508864641e-12,1.5073193700831375e-16,1.3964254612015911e-16,0.0,1.1576212762238496e-16,1.0285453028895139e-16
2.8108986900540254,0.7,0.7654752145536657,1.3877787807814457e-17,4.422694427346622e-18,7.855791075262255e-19,0.0,0.0,4.918844673007683e-12,1.6304151832004503e-16,5.003707553108401e-17,5.551115123125783e-17,3.472863828671549e-16,1.827916076284972e-16
2.8108986900540254,0.85,0.932244283731928,2.7755575615628914e-17,5.6804330759257955e-18,9.727656204923885e-19,4.3655745685100555e-11,3.472863828671549e-16,3.939868168154921e-12,1.3059206598691256e-16,3.86438613920068e-17,5.551115123125783e-17,4.630485104895398e-16,1.0202280884539365e-16
2.8108986900540254,0.95,0.9924715870813253,0.0,2.6314247871281707e-18,9.471388944316972e-19,1.4551915228366852e-11,1.1576212762238496e-16,5.1979879979873345e-12,1.7229408768523281e-16,4.1968568420570595e-17,2.7755575615628914e-17,3.472863828671549e-16,8.593042517723531e-17
2.8108986900540254,0.99,0.9996988634832528,5.551115123125783e-17,6.1590302214665455e-18,1.4064576229288856e-18,2.9103830456733704e-11,2.315242552447699e-16,3.686614539638199e-12,1.221976443577825e-16,2.9870507730002664e-17,8.326672684688674e-17,4.630485104895398e-16,1.993662255537015e-16
2.8108986900540254,0.9999,0.9999999698863483,5.551115123125783e-17,4.619252907172292e-18,9.46938245573353e-19,5.820766091346741e-11,4.630485104895398e-16,4.716291303496187e-12,1.5632762286259765e-16,3.8424222889120255e-17,5.551115123125783e-17,4.630485104895398e-16,8.530848388923436e-17
2.8108986900540254,0.99999,0.9999999996988634,2.7755575615628914e-17,5.909114362615046e-18,1.2940457161713445e-18,2.9103830456733704e-11,2.315242552447699e-16,3.9827932753439275e-12,1.3201487461686407e-16,3.2363752661839e-17,2.7755575615628914e-17,2.315242552447699e-16,8.937304445161837e-17
2.9762456718219092,1e-05,4.6020226905724163e-10,1.734723475976807e-18,2.775491589570707e-19,4.996276119333345e-20,6.320304507892189e-11,5.027873551851794e-16,3.1724855873400486e-12,1.0515617007521909e-16,2.933150036937519e-07,2.7755575615628914e-17,4.630485104895398e-16,1.0593209006330542e-16
2.9762456718219092,0.0001,4.602022777511919e-08,3.469446951953614e-18,5.547995174488339e-19,9.975629633779021e-20,6.176283182807163e-11,4.913302962666821e-16,3.4424580390899227e-12,1.1410475889312336e-16,2.9267571953441873e-09,2.7755575615628914e-17,3.472863828671549e-16,2.4121709456389766e-16
2.9762456718219092,0.01,0.000460202277911914,0.0,3.5575383784680614e-20,6.706420469294282e-21,5.5358384543069405e-11,4.4038219546191466e-16,3.1606714797501135e-12,1.0476457607965557e-16,2.583232775195134e-13,5.551115123125783e-17,5.788106381119248e-16,1.194318774449281e-16
2.9762456718219092,0.05,0.01150505694779712,5.204170427930421e-18,8.571370772892336e-19,8.71909236464938e-20,6.366462912410498e-11,5.064593083479342e-16,3.411670779270689e-12,1.1308427503572756e-16,1.1096955433818969e-14,8.326672684688674e-17,6.945727657343098e-16,9.106504622802082e-17
2.9762456718219092,0.15,0.08890627250788431,1.734723475976807e-18,8.27481395170902e-19,1.9046002463090918e-19,4.729372449219227e-11,3.7622691477275113e-16,3.7240032166117086e-12,1.2343694079159554e-16,1.0706209616219066e-15,5.551115123125783e-17,5.788106381119248e-16,1.620806437846119e-16
2.9762456718219092,0.3,0.24350155271571508,0.0,3.2526065174565133e-19,2.299940125025061e-19,4.3655745685100555e-11,3.472863828671549e-16,4.817961803477622e-12,1.5969762411030842e-16,3.424925848472271e-16,2.7755575615628914e-17,0.0,2.889820572959402e-16
2.9762456718219092,0.5,0.4999999999999999,1.3877787807814457e-17,2.168404344971009e-18,4.474715244415335e-19,5.093170329928398e-11,4.051674466783474e-16,5.189900644160537e-12,1.720260218009108e-16,1.6243534171511178e-16,5.551115123125783e-17,3.472863828671549e-16,1.620368322839373e-16
2.9762456718219092,0.7,0.756498447284285,1.3877787807814457e-17,4.119968255444917e-18,6.899820375075183e-19,2.9103830456733704e-11,2.315242552447699e-16,4.192563418333924e-12,1.3896797943820197e-16,5.419449386414209e-17,0.0,1.1576212762238496e-16,4.2965212588617655e-17
2.9762456718219092,0.85,0.9110937274921154,0.0,4.955408861908126e-18,9.44456549653063e-19,1.4551915228366852e-11,1.1576212762238496e-16,3.865352482534945e-12,1.281221464570667e-16,3.496446946337351e-17,2.7755575615628914e-17,2.315242552447699e-16,1.524648140918781e-16
2.9762456718219092,0.95,0.9884949430522028,5.551115123125783e-17,4.620596947019919e-18,8.470058417662935e-19,5.820766091346741e-11,4.630485104895398e-16,3.76542065207086e-12,1.2480977567683567e-16,3.227937720230791e-17,8.326672684688674e-17,5.788106381119248e-16,1.5588417160799772e-16
2.9762456718219092,0.99,0.9995397977220877,0.0,3.5746801519006906e-18,1.1071615331867827e-18,1.4551915228366852e-11,1.1576212762238496e-16,3.7371035547513076e-12,1.2387116857530805e-16,2.987365580481038e-17,5.551115123125783e-17,4.630485104895398e-16,2.04679665407817e-16
2.9762456718219092,0.9999,0.9999999539797719,5.551115123125783e-17,3.8875883496138214e-18,1.2841372299936653e-18,4.3655745685100555e-11,3.472863828671549e-16,4.53359675284228e-12,1.5027197384182917e-16,3.715065850274345e-17,8.326672684688674e-17,6.945727657343098e-16,2.296518206026947e-16
2.9762456718219092,0.99999,0.9999999995397977,5.551115123125783e-17,4.8660082723155565e-18,1.091060001762748e-18,5.820766091346741e-11,4.630485104895398e-16,3.548960030181653e-12,1.1763490621145412e-16,2.947115990142858e-17,5.551115123125783e-17,5.788106381119248e-16,1.2841620731314394e-16
