tree_sha	window_index	member_id	role	chord_index	radius_m	height_m	psi_norm	electron_temperature_ev	electron_density_m-3	net_current_a	thomson_cocos	temperature_unit	density_unit	net_current_unit	support_method	supported	temperature_error_bound_ev	density_error_bound_m-3	net_current_support
bd3cca1f179fa063eac4d2061c2720906e32c1c7	0	truth	truth	0	0.94	-0.08	0.17062629849062483	6803.590828396094	1.1934530276132032e+20	1000000.0	17	eV	m^-3	A	bilinear flux map followed by linear flux-profile interpolation	True	43.104383680557	1.4368127893519e+17	typed window plasma-current conservation ledger
bd3cca1f179fa063eac4d2061c2720906e32c1c7	0	truth	truth	1	1.03	-0.03	0.032193087579530266	6975.855184315353	1.1991951728105118e+20	1000000.0	17	eV	m^-3	A	bilinear flux map followed by linear flux-profile interpolation	True	43.104383680557	1.4368127893519e+17	typed window plasma-current conservation ledger
bd3cca1f179fa063eac4d2061c2720906e32c1c7	0	truth	truth	2	1.12	0.02	0.005256790248682728	6996.057407313488	1.1998685802437829e+20	1000000.0	17	eV	m^-3	A	bilinear flux map followed by linear flux-profile interpolation	True	43.104383680557	1.4368127893519e+17	typed window plasma-current conservation ledger
bd3cca1f179fa063eac4d2061c2720906e32c1c7	0	truth	truth	3	1.0	0.12	0.14178913730709672	6868.474441059032	1.1956158147019678e+20	1000000.0	17	eV	m^-3	A	bilinear flux map followed by linear flux-profile interpolation	True	43.104383680557	1.4368127893519e+17	typed window plasma-current conservation ledger
bd3cca1f179fa063eac4d2061c2720906e32c1c7	0	truth	truth	4	1.15	0.09	0.06304114175568411	6952.719143683237	1.198423971456108e+20	1000000.0	17	eV	m^-3	A	bilinear flux map followed by linear flux-profile interpolation	True	43.104383680557	1.4368127893519e+17	typed window plasma-current conservation ledger
bd3cca1f179fa063eac4d2061c2720906e32c1c7	0	truth	truth	5	1.25	0.04	0.11941593484486587	6910.438048866351	1.1970146016288783e+20	1000000.0	17	eV	m^-3	A	bilinear flux map followed by linear flux-profile interpolation	True	43.104383680557	1.4368127893519e+17	typed window plasma-current conservation ledger
bd3cca1f179fa063eac4d2061c2720906e32c1c7	0	pressure-high	counterfactual	0	0.94	-0.08	0.17075547227957466	6978.300187370956	1.1934433395790319e+20	1000000.0	17	eV	m^-3	A	bilinear flux map followed by linear flux-profile interpolation	True	43.10438368055719	1.4368127893519053e+17	typed window plasma-current conservation ledger
bd3cca1f179fa063eac4d2061c2720906e32c1c7	0	pressure-high	counterfactual	1	1.03	-0.03	0.03225042193127755	7150.812183551541	1.199193739451718e+20	1000000.0	17	eV	m^-3	A	bilinear flux map followed by linear flux-profile interpolation	True	43.10438368055719	1.4368127893519053e+17	typed window plasma-current conservation ledger
bd3cca1f179fa063eac4d2061c2720906e32c1c7	0	pressure-high	counterfactual	2	1.12	0.02	0.005242285163227441	7171.068286127578	1.1998689428709192e+20	1000000.0	17	eV	m^-3	A	bilinear flux map followed by linear flux-profile interpolation	True	43.10438368055719	1.4368127893519053e+17	typed window plasma-current conservation ledger
bd3cca1f179fa063eac4d2061c2720906e32c1c7	0	pressure-high	counterfactual	3	1.0	0.12	0.14187041813791154	7043.291559189698	1.1956097186396566e+20	1000000.0	17	eV	m^-3	A	bilinear flux map followed by linear flux-profile interpolation	True	43.10438368055719	1.4368127893519053e+17	typed window plasma-current conservation ledger
bd3cca1f179fa063eac4d2061c2720906e32c1c7	0	pressure-high	counterfactual	4	1.15	0.09	0.0630026901911613	7127.747982356628	1.1984249327452209e+20	1000000.0	17	eV	m^-3	A	bilinear flux map followed by linear flux-profile interpolation	True	43.10438368055719	1.4368127893519053e+17	typed window plasma-current conservation ledger
bd3cca1f179fa063eac4d2061c2720906e32c1c7	0	pressure-high	counterfactual	5	1.25	0.04	0.11929766168345131	7085.52675373741	1.1970175584579137e+20	1000000.0	17	eV	m^-3	A	bilinear flux map followed by linear flux-profile interpolation	True	43.10438368055719	1.4368127893519053e+17	typed window plasma-current conservation ledger
bd3cca1f179fa063eac4d2061c2720906e32c1c7	0	field-high	counterfactual	0	0.94	-0.08	0.1707008483012264	6803.423091322241	1.169447436377408e+20	1000000.0	17	eV	m^-3	A	bilinear flux map followed by linear flux-profile interpolation	True	43.104383680557156	1.4368127893519053e+17	typed window plasma-current conservation ledger
bd3cca1f179fa063eac4d2061c2720906e32c1c7	0	field-high	counterfactual	1	1.03	-0.03	0.03222617246151601	6975.830370653863	1.1751943456884621e+20	1000000.0	17	eV	m^-3	A	bilinear flux map followed by linear flux-profile interpolation	True	43.104383680557156	1.4368127893519053e+17	typed window plasma-current conservation ledger
bd3cca1f179fa063eac4d2061c2720906e32c1c7	0	field-high	counterfactual	2	1.12	0.02	0.005248410202052647	6996.063692348461	1.1758687897449487e+20	1000000.0	17	eV	m^-3	A	bilinear flux map followed by linear flux-profile interpolation	True	43.104383680557156	1.4368127893519053e+17	typed window plasma-current conservation ledger
bd3cca1f179fa063eac4d2061c2720906e32c1c7	0	field-high	counterfactual	3	1.0	0.12	0.14183604383195442	6868.368901378102	1.1716122967126034e+20	1000000.0	17	eV	m^-3	A	bilinear flux map followed by linear flux-profile interpolation	True	43.104383680557156	1.4368127893519053e+17	typed window plasma-current conservation ledger
bd3cca1f179fa063eac4d2061c2720906e32c1c7	0	field-high	counterfactual	4	1.15	0.09	0.0630189400661821	6952.735794950363	1.1744245264983455e+20	1000000.0	17	eV	m^-3	A	bilinear flux map followed by linear flux-profile interpolation	True	43.104383680557156	1.4368127893519053e+17	typed window plasma-current conservation ledger
bd3cca1f179fa063eac4d2061c2720906e32c1c7	0	field-high	counterfactual	5	1.25	0.04	0.1193476610124574	6910.489254240657	1.1730163084746886e+20	1000000.0	17	eV	m^-3	A	bilinear flux map followed by linear flux-profile interpolation	True	43.104383680557156	1.4368127893519053e+17	typed window plasma-current conservation ledger
bd3cca1f179fa063eac4d2061c2720906e32c1c7	0	current-low	counterfactual	0	0.94	-0.08	0.17062629849062483	6698.590828396094	1.211453027613203e+20	950000.0	17	eV	m^-3	A	bilinear flux map followed by linear flux-profile interpolation	True	43.104383680557056	1.4368127893519e+17	typed window plasma-current conservation ledger
bd3cca1f179fa063eac4d2061c2720906e32c1c7	0	current-low	counterfactual	1	1.03	-0.03	0.032193087579530266	6870.855184315353	1.2171951728105116e+20	950000.0	17	eV	m^-3	A	bilinear flux map followed by linear flux-profile interpolation	True	43.104383680557056	1.4368127893519e+17	typed window plasma-current conservation ledger
bd3cca1f179fa063eac4d2061c2720906e32c1c7	0	current-low	counterfactual	2	1.12	0.02	0.005256790248682728	6891.057407313488	1.2178685802437827e+20	950000.0	17	eV	m^-3	A	bilinear flux map followed by linear flux-profile interpolation	True	43.104383680557056	1.4368127893519e+17	typed window plasma-current conservation ledger
bd3cca1f179fa063eac4d2061c2720906e32c1c7	0	current-low	counterfactual	3	1.0	0.12	0.14178913730709672	6763.474441059032	1.2136158147019676e+20	950000.0	17	eV	m^-3	A	bilinear flux map followed by linear flux-profile interpolation	True	43.104383680557056	1.4368127893519e+17	typed window plasma-current conservation ledger
bd3cca1f179fa063eac4d2061c2720906e32c1c7	0	current-low	counterfactual	4	1.15	0.09	0.06304114175568411	6847.719143683237	1.2164239714561078e+20	950000.0	17	eV	m^-3	A	bilinear flux map followed by linear flux-profile interpolation	True	43.104383680557056	1.4368127893519e+17	typed window plasma-current conservation ledger
bd3cca1f179fa063eac4d2061c2720906e32c1c7	0	current-low	counterfactual	5	1.25	0.04	0.11941593484486587	6805.438048866351	1.2150146016288781e+20	950000.0	17	eV	m^-3	A	bilinear flux map followed by linear flux-profile interpolation	True	43.104383680557056	1.4368127893519e+17	typed window plasma-current conservation ledger
bd3cca1f179fa063eac4d2061c2720906e32c1c7	1	truth	truth	0	0.94	-0.08	0.17064988128624312	6873.537767105953	1.1838512589035318e+20	1014999.9999999999	17	eV	m^-3	A	bilinear flux map followed by linear flux-profile interpolation	True	43.10438368055722	1.4368127893519053e+17	typed window plasma-current conservation ledger
bd3cca1f179fa063eac4d2061c2720906e32c1c7	1	truth	truth	1	1.03	-0.03	0.03220355222906686	7045.8473358282	1.1895949111942734e+20	1014999.9999999999	17	eV	m^-3	A	bilinear flux map followed by linear flux-profile interpolation	True	43.10438368055722	1.4368127893519053e+17	typed window plasma-current conservation ledger
bd3cca1f179fa063eac4d2061c2720906e32c1c7	1	truth	truth	2	1.12	0.02	0.005254136752137617	7066.059397435897	1.1902686465811966e+20	1014999.9999999999	17	eV	m^-3	A	bilinear flux map followed by linear flux-profile interpolation	True	43.10438368055722	1.4368127893519053e+17	typed window plasma-current conservation ledger
bd3cca1f179fa063eac4d2061c2720906e32c1c7	1	truth	truth	3	1.0	0.12	0.1418039746719939	6938.441056988014	1.1860147018996005e+20	1014999.9999999999	17	eV	m^-3	A	bilinear flux map followed by linear flux-profile interpolation	True	43.10438368055722	1.4368127893519053e+17	typed window plasma-current conservation ledger
bd3cca1f179fa063eac4d2061c2720906e32c1c7	1	truth	truth	4	1.15	0.09	0.06303411554377843	7022.724413342166	1.1888241471114055e+20	1014999.9999999999	17	eV	m^-3	A	bilinear flux map followed by linear flux-profile interpolation	True	43.10438368055722	1.4368127893519053e+17	typed window plasma-current conservation ledger
bd3cca1f179fa063eac4d2061c2720906e32c1c7	1	truth	truth	5	1.25	0.04	0.11939433291509166	6980.454250313681	1.1874151416771227e+20	1014999.9999999999	17	eV	m^-3	A	bilinear flux map followed by linear flux-profile interpolation	True	43.10438368055722	1.4368127893519053e+17	typed window plasma-current conservation ledger
bd3cca1f179fa063eac4d2061c2720906e32c1c7	1	pressure-high	counterfactual	0	0.94	-0.08	0.17077906685519584	7048.2470995758085	1.1838415699858602e+20	1014999.9999999999	17	eV	m^-3	A	bilinear flux map followed by linear flux-profile interpolation	True	43.104383680557305	1.4368127893519104e+17	typed window plasma-current conservation ledger
bd3cca1f179fa063eac4d2061c2720906e32c1c7	1	pressure-high	counterfactual	1	1.03	-0.03	0.03226089836081704	7220.804326229386	1.1895934775409795e+20	1014999.9999999999	17	eV	m^-3	A	bilinear flux map followed by linear flux-profile interpolation	True	43.104383680557305	1.4368127893519104e+17	typed window plasma-current conservation ledger
bd3cca1f179fa063eac4d2061c2720906e32c1c7	1	pressure-high	counterfactual	2	1.12	0.02	0.005239643446685227	7241.070267414985	1.1902690089138328e+20	1014999.9999999999	17	eV	m^-3	A	bilinear flux map followed by linear flux-profile interpolation	True	43.104383680557305	1.4368127893519104e+17	typed window plasma-current conservation ledger
bd3cca1f179fa063eac4d2061c2720906e32c1c7	1	pressure-high	counterfactual	3	1.0	0.12	0.1418852672828116	7113.258148613673	1.186008604953789e+20	1014999.9999999999	17	eV	m^-3	A	bilinear flux map followed by linear flux-profile interpolation	True	43.104383680557305	1.4368127893519104e+17	typed window plasma-current conservation ledger
bd3cca1f179fa063eac4d2061c2720906e32c1c7	1	pressure-high	counterfactual	4	1.15	0.09	0.06299567575925852	7197.753243180555	1.1888251081060185e+20	1014999.9999999999	17	eV	m^-3	A	bilinear flux map followed by linear flux-profile interpolation	True	43.104383680557305	1.4368127893519104e+17	typed window plasma-current conservation ledger
bd3cca1f179fa063eac4d2061c2720906e32c1c7	1	pressure-high	counterfactual	5	1.25	0.04	0.11927607153367999	7155.542946349739	1.187418098211658e+20	1014999.9999999999	17	eV	m^-3	A	bilinear flux map followed by linear flux-profile interpolation	True	43.104383680557305	1.4368127893519104e+17	typed window plasma-current conservation ledger
bd3cca1f179fa063eac4d2061c2720906e32c1c7	1	field-high	counterfactual	0	0.94	-0.08	0.17072443789613204	6873.370014733703	1.15984566715779e+20	1014999.9999999999	17	eV	m^-3	A	bilinear flux map followed by linear flux-profile interpolation	True	43.10438368055706	1.4368127893519e+17	typed window plasma-current conservation ledger
bd3cca1f179fa063eac4d2061c2720906e32c1c7	1	field-high	counterfactual	1	1.03	-0.03	0.03223664391033997	7045.822517067245	1.1655940839022415e+20	1014999.9999999999	17	eV	m^-3	A	bilinear flux map followed by linear flux-profile interpolation	True	43.10438368055706	1.4368127893519e+17	typed window plasma-current conservation ledger
bd3cca1f179fa063eac4d2061c2720906e32c1c7	1	field-high	counterfactual	2	1.12	0.02	0.005245763504794923	7066.065677371404	1.1662688559123802e+20	1014999.9999999999	17	eV	m^-3	A	bilinear flux map followed by linear flux-profile interpolation	True	43.10438368055706	1.4368127893519e+17	typed window plasma-current conservation ledger
bd3cca1f179fa063eac4d2061c2720906e32c1c7	1	field-high	counterfactual	3	1.0	0.12	0.14185088799613896	6938.335502008687	1.1620111834002896e+20	1014999.9999999999	17	eV	m^-3	A	bilinear flux map followed by linear flux-profile interpolation	True	43.10438368055706	1.4368127893519e+17	typed window plasma-current conservation ledger
bd3cca1f179fa063eac4d2061c2720906e32c1c7	1	field-high	counterfactual	4	1.15	0.09	0.0630119206535638	7022.741059509827	1.164824701983661e+20	1014999.9999999999	17	eV	m^-3	A	bilinear flux map followed by linear flux-profile interpolation	True	43.10438368055706	1.4368127893519e+17	typed window plasma-current conservation ledger
bd3cca1f179fa063eac4d2061c2720906e32c1c7	1	field-high	counterfactual	5	1.25	0.04	0.11932606588197056	6980.505450588522	1.1634168483529507e+20	1014999.9999999999	17	eV	m^-3	A	bilinear flux map followed by linear flux-profile interpolation	True	43.10438368055706	1.4368127893519e+17	typed window plasma-current conservation ledger
bd3cca1f179fa063eac4d2061c2720906e32c1c7	1	current-low	counterfactual	0	0.94	-0.08	0.17064988128624312	6768.537767105953	1.2018512589035317e+20	964999.9999999999	17	eV	m^-3	A	bilinear flux map followed by linear flux-profile interpolation	True	43.104383680557156	1.4368127893519053e+17	typed window plasma-current conservation ledger
bd3cca1f179fa063eac4d2061c2720906e32c1c7	1	current-low	counterfactual	1	1.03	-0.03	0.03220355222906686	6940.8473358282	1.2075949111942732e+20	964999.9999999999	17	eV	m^-3	A	bilinear flux map followed by linear flux-profile interpolation	True	43.104383680557156	1.4368127893519053e+17	typed window plasma-current conservation ledger
bd3cca1f179fa063eac4d2061c2720906e32c1c7	1	current-low	counterfactual	2	1.12	0.02	0.005254136752137617	6961.059397435897	1.2082686465811964e+20	964999.9999999999	17	eV	m^-3	A	bilinear flux map followed by linear flux-profile interpolation	True	43.104383680557156	1.4368127893519053e+17	typed window plasma-current conservation ledger
bd3cca1f179fa063eac4d2061c2720906e32c1c7	1	current-low	counterfactual	3	1.0	0.12	0.1418039746719939	6833.441056988014	1.2040147018996004e+20	964999.9999999999	17	eV	m^-3	A	bilinear flux map followed by linear flux-profile interpolation	True	43.104383680557156	1.4368127893519053e+17	typed window plasma-current conservation ledger
bd3cca1f179fa063eac4d2061c2720906e32c1c7	1	current-low	counterfactual	4	1.15	0.09	0.06303411554377843	6917.724413342166	1.2068241471114053e+20	964999.9999999999	17	eV	m^-3	A	bilinear flux map followed by linear flux-profile interpolation	True	43.104383680557156	1.4368127893519053e+17	typed window plasma-current conservation ledger
bd3cca1f179fa063eac4d2061c2720906e32c1c7	1	current-low	counterfactual	5	1.25	0.04	0.11939433291509166	6875.454250313681	1.2054151416771225e+20	964999.9999999999	17	eV	m^-3	A	bilinear flux map followed by linear flux-profile interpolation	True	43.104383680557156	1.4368127893519053e+17	typed window plasma-current conservation ledger
bd3cca1f179fa063eac4d2061c2720906e32c1c7	2	truth	truth	0	0.94	-0.08	0.17067346623292876	6943.484700975911	1.1742494900325304e+20	1030000.0	17	eV	m^-3	A	bilinear flux map followed by linear flux-profile interpolation	True	43.10438368055729	1.4368127893519078e+17	typed window plasma-current conservation ledger
bd3cca1f179fa063eac4d2061c2720906e32c1c7	2	truth	truth	1	1.03	-0.03	0.032214019029673364	7115.839485727746	1.1799946495242582e+20	1030000.0	17	eV	m^-3	A	bilinear flux map followed by linear flux-profile interpolation	True	43.10438368055729	1.4368127893519078e+17	typed window plasma-current conservation ledger
bd3cca1f179fa063eac4d2061c2720906e32c1c7	2	truth	truth	2	1.12	0.02	0.005251485406664983	7136.061385945002	1.1806687128648334e+20	1030000.0	17	eV	m^-3	A	bilinear flux map followed by linear flux-profile interpolation	True	43.10438368055729	1.4368127893519078e+17	typed window plasma-current conservation ledger
bd3cca1f179fa063eac4d2061c2720906e32c1c7	2	truth	truth	3	1.0	0.12	0.1418188141879601	7008.40766807709	1.176413588935903e+20	1030000.0	17	eV	m^-3	A	bilinear flux map followed by linear flux-profile interpolation	True	43.10438368055729	1.4368127893519078e+17	typed window plasma-current conservation ledger
bd3cca1f179fa063eac4d2061c2720906e32c1c7	2	truth	truth	4	1.15	0.09	0.0630270914829461	7092.729681387791	1.1792243227129263e+20	1030000.0	17	eV	m^-3	A	bilinear flux map followed by linear flux-profile interpolation	True	43.10438368055729	1.4368127893519078e+17	typed window plasma-current conservation ledger
bd3cca1f179fa063eac4d2061c2720906e32c1c7	2	truth	truth	5	1.25	0.04	0.11937273313639359	7050.470450147705	1.1778156816715902e+20	1030000.0	17	eV	m^-3	A	bilinear flux map followed by linear flux-profile interpolation	True	43.10438368055729	1.4368127893519078e+17	typed window plasma-current conservation ledger
bd3cca1f179fa063eac4d2061c2720906e32c1c7	2	pressure-high	counterfactual	0	0.94	-0.08	0.1708026635818844	7118.194006940759	1.1742398002313586e+20	1030000.0	17	eV	m^-3	A	bilinear flux map followed by linear flux-profile interpolation	True	43.10438368055737	1.4368127893519104e+17	typed window plasma-current conservation ledger
bd3cca1f179fa063eac4d2061c2720906e32c1c7	2	pressure-high	counterfactual	1	1.03	-0.03	0.032271376941426434	7290.79646729393	1.1799932155764643e+20	1030000.0	17	eV	m^-3	A	bilinear flux map followed by linear flux-profile interpolation	True	43.10438368055737	1.4368127893519104e+17	typed window plasma-current conservation ledger
bd3cca1f179fa063eac4d2061c2720906e32c1c7	2	pressure-high	counterfactual	2	1.12	0.02	0.005237003881215486	7311.072247089088	1.1806690749029695e+20	1030000.0	17	eV	m^-3	A	bilinear flux map followed by linear flux-profile interpolation	True	43.10438368055737	1.4368127893519104e+17	typed window plasma-current conservation ledger
bd3cca1f179fa063eac4d2061c2720906e32c1c7	2	pressure-high	counterfactual	3	1.0	0.12	0.14190011857878068	7183.224733197742	1.1764074911065914e+20	1030000.0	17	eV	m^-3	A	bilinear flux map followed by linear flux-profile interpolation	True	43.10438368055737	1.4368127893519104e+17	typed window plasma-current conservation ledger
bd3cca1f179fa063eac4d2061c2720906e32c1c7	2	pressure-high	counterfactual	4	1.15	0.09	0.06298866347842906	7267.758502391177	1.1792252834130393e+20	1030000.0	17	eV	m^-3	A	bilinear flux map followed by linear flux-profile interpolation	True	43.10438368055737	1.4368127893519104e+17	typed window plasma-current conservation ledger
bd3cca1f179fa063eac4d2061c2720906e32c1c7	2	pressure-high	counterfactual	5	1.25	0.04	0.11925448353498483	7225.5591373487605	1.1778186379116254e+20	1030000.0	17	eV	m^-3	A	bilinear flux map followed by linear flux-profile interpolation	True	43.10438368055737	1.4368127893519104e+17	typed window plasma-current conservation ledger
bd3cca1f179fa063eac4d2061c2720906e32c1c7	2	field-high	counterfactual	0	0.94	-0.08	0.1707480296421047	6943.316933305266	1.1502438977768422e+20	1030000.0	17	eV	m^-3	A	bilinear flux map followed by linear flux-profile interpolation	True	43.10438368055737	1.4368127893519104e+17	typed window plasma-current conservation ledger
bd3cca1f179fa063eac4d2061c2720906e32c1c7	2	field-high	counterfactual	1	1.03	-0.03	0.0322471175102337	7115.814661867325	1.1559938220622442e+20	1030000.0	17	eV	m^-3	A	bilinear flux map followed by linear flux-profile interpolation	True	43.10438368055737	1.4368127893519104e+17	typed window plasma-current conservation ledger
bd3cca1f179fa063eac4d2061c2720906e32c1c7	2	field-high	counterfactual	2	1.12	0.02	0.005243118958609712	7136.067660781044	1.1566689220260348e+20	1030000.0	17	eV	m^-3	A	bilinear flux map followed by linear flux-profile interpolation	True	43.10438368055737	1.4368127893519104e+17	typed window plasma-current conservation ledger
bd3cca1f179fa063eac4d2061c2720906e32c1c7	2	field-high	counterfactual	3	1.0	0.12	0.14186573431139235	7008.302097799368	1.1524100699266456e+20	1030000.0	17	eV	m^-3	A	bilinear flux map followed by linear flux-profile interpolation	True	43.10438368055737	1.4368127893519104e+17	typed window plasma-current conservation ledger
bd3cca1f179fa063eac4d2061c2720906e32c1c7	2	field-high	counterfactual	4	1.15	0.09	0.06300490339201895	7092.746322455987	1.1552248774151995e+20	1030000.0	17	eV	m^-3	A	bilinear flux map followed by linear flux-profile interpolation	True	43.10438368055737	1.4368127893519104e+17	typed window plasma-current conservation ledger
bd3cca1f179fa063eac4d2061c2720906e32c1c7	2	field-high	counterfactual	5	1.25	0.04	0.11930447290256022	7050.5216453230805	1.153817388177436e+20	1030000.0	17	eV	m^-3	A	bilinear flux map followed by linear flux-profile interpolation	True	43.10438368055737	1.4368127893519104e+17	typed window plasma-current conservation ledger
bd3cca1f179fa063eac4d2061c2720906e32c1c7	2	current-low	counterfactual	0	0.94	-0.08	0.17067346623292876	6838.484700975911	1.1922494900325304e+20	980000.0	17	eV	m^-3	A	bilinear flux map followed by linear flux-profile interpolation	True	43.104383680557234	1.4368127893519078e+17	typed window plasma-current conservation ledger
bd3cca1f179fa063eac4d2061c2720906e32c1c7	2	current-low	counterfactual	1	1.03	-0.03	0.032214019029673364	7010.839485727746	1.1979946495242582e+20	980000.0	17	eV	m^-3	A	bilinear flux map followed by linear flux-profile interpolation	True	43.104383680557234	1.4368127893519078e+17	typed window plasma-current conservation ledger
bd3cca1f179fa063eac4d2061c2720906e32c1c7	2	current-low	counterfactual	2	1.12	0.02	0.005251485406664983	7031.061385945002	1.1986687128648334e+20	980000.0	17	eV	m^-3	A	bilinear flux map followed by linear flux-profile interpolation	True	43.104383680557234	1.4368127893519078e+17	typed window plasma-current conservation ledger
bd3cca1f179fa063eac4d2061c2720906e32c1c7	2	current-low	counterfactual	3	1.0	0.12	0.1418188141879601	6903.40766807709	1.194413588935903e+20	980000.0	17	eV	m^-3	A	bilinear flux map followed by linear flux-profile interpolation	True	43.104383680557234	1.4368127893519078e+17	typed window plasma-current conservation ledger
bd3cca1f179fa063eac4d2061c2720906e32c1c7	2	current-low	counterfactual	4	1.15	0.09	0.0630270914829461	6987.729681387791	1.1972243227129263e+20	980000.0	17	eV	m^-3	A	bilinear flux map followed by linear flux-profile interpolation	True	43.104383680557234	1.4368127893519078e+17	typed window plasma-current conservation ledger
bd3cca1f179fa063eac4d2061c2720906e32c1c7	2	current-low	counterfactual	5	1.25	0.04	0.11937273313639359	6945.470450147705	1.1958156816715902e+20	980000.0	17	eV	m^-3	A	bilinear flux map followed by linear flux-profile interpolation	True	43.104383680557234	1.4368127893519078e+17	typed window plasma-current conservation ledger
bd3cca1f179fa063eac4d2061c2720906e32c1c7	3	truth	truth	0	0.94	-0.08	0.170697053330686	7013.431630005956	1.1646477210001985e+20	1044999.9999999999	17	eV	m^-3	A	bilinear flux map followed by linear flux-profile interpolation	True	43.104383680557156	1.4368127893519053e+17	typed window plasma-current conservation ledger
bd3cca1f179fa063eac4d2061c2720906e32c1c7	3	truth	truth	1	1.03	-0.03	0.032224487981351656	7185.831634013986	1.1703943878004662e+20	1044999.9999999999	17	eV	m^-3	A	bilinear flux map followed by linear flux-profile interpolation	True	43.104383680557156	1.4368127893519053e+17	typed window plasma-current conservation ledger
bd3cca1f179fa063eac4d2061c2720906e32c1c7	3	truth	truth	2	1.12	0.02	0.0052488362122643465	7206.063372840802	1.1710687790946933e+20	1044999.9999999999	17	eV	m^-3	A	bilinear flux map followed by linear flux-profile interpolation	True	43.104383680557156	1.4368127893519053e+17	typed window plasma-current conservation ledger
bd3cca1f179fa063eac4d2061c2720906e32c1c7	3	truth	truth	3	1.0	0.12	0.14183365585499805	7078.374274326255	1.1668124758108751e+20	1044999.9999999999	17	eV	m^-3	A	bilinear flux map followed by linear flux-profile interpolation	True	43.104383680557156	1.4368127893519053e+17	typed window plasma-current conservation ledger
bd3cca1f179fa063eac4d2061c2720906e32c1c7	3	truth	truth	4	1.15	0.09	0.0630200695731858	7162.73494782011	1.1696244982606704e+20	1044999.9999999999	17	eV	m^-3	A	bilinear flux map followed by linear flux-profile interpolation	True	43.104383680557156	1.4368127893519053e+17	typed window plasma-current conservation ledger
bd3cca1f179fa063eac4d2061c2720906e32c1c7	3	truth	truth	5	1.25	0.04	0.11935113550876782	7120.4866483684245	1.1682162216122809e+20	1044999.9999999999	17	eV	m^-3	A	bilinear flux map followed by linear flux-profile interpolation	True	43.104383680557156	1.4368127893519053e+17	typed window plasma-current conservation ledger
bd3cca1f179fa063eac4d2061c2720906e32c1c7	3	pressure-high	counterfactual	0	0.94	-0.08	0.17082626245964455	7188.1409094658	1.1646380303155267e+20	1044999.9999999999	17	eV	m^-3	A	bilinear flux map followed by linear flux-profile interpolation	True	43.10438368055679	1.4368127893518922e+17	typed window plasma-current conservation ledger
bd3cca1f179fa063eac4d2061c2720906e32c1c7	3	pressure-high	counterfactual	1	1.03	-0.03	0.03228185767310762	7360.788606745169	1.1703929535581723e+20	1044999.9999999999	17	eV	m^-3	A	bilinear flux map followed by linear flux-profile interpolation	True	43.10438368055679	1.4368127893518922e+17	typed window plasma-current conservation ledger
bd3cca1f179fa063eac4d2061c2720906e32c1c7	3	pressure-high	counterfactual	2	1.12	0.02	0.005234366466817741	7381.074225149887	1.1710691408383295e+20	1044999.9999999999	17	eV	m^-3	A	bilinear flux map followed by linear flux-profile interpolation	True	43.10438368055679	1.4368127893518922e+17	typed window plasma-current conservation ledger
bd3cca1f179fa063eac4d2061c2720906e32c1c7	3	pressure-high	counterfactual	3	1.0	0.12	0.14191497202582154	7253.191312941902	1.1668063770980634e+20	1044999.9999999999	17	eV	m^-3	A	bilinear flux map followed by linear flux-profile interpolation	True	43.10438368055679	1.4368127893518922e+17	typed window plasma-current conservation ledger
bd3cca1f179fa063eac4d2061c2720906e32c1c7	3	pressure-high	counterfactual	4	1.15	0.09	0.06298165334867167	7337.7637599884965	1.1696254586662832e+20	1044999.9999999999	17	eV	m^-3	A	bilinear flux map followed by linear flux-profile interpolation	True	43.10438368055679	1.4368127893518922e+17	typed window plasma-current conservation ledger
bd3cca1f179fa063eac4d2061c2720906e32c1c7	3	pressure-high	counterfactual	5	1.25	0.04	0.11923289768736195	7295.575326734479	1.168219177557816e+20	1044999.9999999999	17	eV	m^-3	A	bilinear flux map followed by linear flux-profile interpolation	True	43.10438368055679	1.4368127893518922e+17	typed window plasma-current conservation ledger
bd3cca1f179fa063eac4d2061c2720906e32c1c7	3	field-high	counterfactual	0	0.94	-0.08	0.17077162353914968	7013.263847036913	1.1406421282345638e+20	1044999.9999999999	17	eV	m^-3	A	bilinear flux map followed by linear flux-profile interpolation	True	43.10438368055731	1.4368127893519104e+17	typed window plasma-current conservation ledger
bd3cca1f179fa063eac4d2061c2720906e32c1c7	3	field-high	counterfactual	1	1.03	-0.03	0.03225759326119955	7185.806805054101	1.14639356016847e+20	1044999.9999999999	17	eV	m^-3	A	bilinear flux map followed by linear flux-profile interpolation	True	43.10438368055731	1.4368127893519104e+17	typed window plasma-current conservation ledger
bd3cca1f179fa063eac4d2061c2720906e32c1c7	3	field-high	counterfactual	2	1.12	0.02	0.005240476563496419	7206.069642577378	1.1470689880859125e+20	1044999.9999999999	17	eV	m^-3	A	bilinear flux map followed by linear flux-profile interpolation	True	43.10438368055731	1.4368127893519104e+17	typed window plasma-current conservation ledger
bd3cca1f179fa063eac4d2061c2720906e32c1c7	3	field-high	counterfactual	3	1.0	0.12	0.14188058277771787	7078.268688750135	1.1428089562916712e+20	1044999.9999999999	17	eV	m^-3	A	bilinear flux map followed by linear flux-profile interpolation	True	43.10438368055731	1.4368127893519104e+17	typed window plasma-current conservation ledger
bd3cca1f179fa063eac4d2061c2720906e32c1c7	3	field-high	counterfactual	4	1.15	0.09	0.06299788828154594	7162.75158378884	1.1456250527929613e+20	1044999.9999999999	17	eV	m^-3	A	bilinear flux map followed by linear flux-profile interpolation	True	43.10438368055731	1.4368127893519104e+17	typed window plasma-current conservation ledger
bd3cca1f179fa063eac4d2061c2720906e32c1c7	3	field-high	counterfactual	5	1.25	0.04	0.1192828820742215	7120.537838444334	1.1442179279481445e+20	1044999.9999999999	17	eV	m^-3	A	bilinear flux map followed by linear flux-profile interpolation	True	43.10438368055731	1.4368127893519104e+17	typed window plasma-current conservation ledger
bd3cca1f179fa063eac4d2061c2720906e32c1c7	3	current-low	counterfactual	0	0.94	-0.08	0.170697053330686	6908.431630005956	1.1826477210001985e+20	994999.9999999999	17	eV	m^-3	A	bilinear flux map followed by linear flux-profile interpolation	True	43.10438368055721	1.4368127893519053e+17	typed window plasma-current conservation ledger
bd3cca1f179fa063eac4d2061c2720906e32c1c7	3	current-low	counterfactual	1	1.03	-0.03	0.032224487981351656	7080.831634013986	1.1883943878004662e+20	994999.9999999999	17	eV	m^-3	A	bilinear flux map followed by linear flux-profile interpolation	True	43.10438368055721	1.4368127893519053e+17	typed window plasma-current conservation ledger
bd3cca1f179fa063eac4d2061c2720906e32c1c7	3	current-low	counterfactual	2	1.12	0.02	0.0052488362122643465	7101.063372840802	1.1890687790946933e+20	994999.9999999999	17	eV	m^-3	A	bilinear flux map followed by linear flux-profile interpolation	True	43.10438368055721	1.4368127893519053e+17	typed window plasma-current conservation ledger
bd3cca1f179fa063eac4d2061c2720906e32c1c7	3	current-low	counterfactual	3	1.0	0.12	0.14183365585499805	6973.374274326255	1.1848124758108751e+20	994999.9999999999	17	eV	m^-3	A	bilinear flux map followed by linear flux-profile interpolation	True	43.10438368055721	1.4368127893519053e+17	typed window plasma-current conservation ledger
bd3cca1f179fa063eac4d2061c2720906e32c1c7	3	current-low	counterfactual	4	1.15	0.09	0.0630200695731858	7057.73494782011	1.1876244982606704e+20	994999.9999999999	17	eV	m^-3	A	bilinear flux map followed by linear flux-profile interpolation	True	43.10438368055721	1.4368127893519053e+17	typed window plasma-current conservation ledger
bd3cca1f179fa063eac4d2061c2720906e32c1c7	3	current-low	counterfactual	5	1.25	0.04	0.11935113550876782	7015.4866483684245	1.1862162216122809e+20	994999.9999999999	17	eV	m^-3	A	bilinear flux map followed by linear flux-profile interpolation	True	43.10438368055721	1.4368127893519053e+17	typed window plasma-current conservation ledger
bd3cca1f179fa063eac4d2061c2720906e32c1c7	4	truth	truth	0	0.94	-0.08	0.17072064257951555	7083.37855419609	1.1550459518065363e+20	1060000.0	17	eV	m^-3	A	bilinear flux map followed by linear flux-profile interpolation	True	43.10438368055722	1.4368127893519053e+17	typed window plasma-current conservation ledger
bd3cca1f179fa063eac4d2061c2720906e32c1c7	4	truth	truth	1	1.03	-0.03	0.03223495908410208	7255.823780686924	1.1607941260228975e+20	1060000.0	17	eV	m^-3	A	bilinear flux map followed by linear flux-profile interpolation	True	43.10438368055722	1.4368127893519053e+17	typed window plasma-current conservation ledger
bd3cca1f179fa063eac4d2061c2720906e32c1c7	4	truth	truth	2	1.12	0.02	0.005246189168935625	7276.065358123298	1.1614688452707765e+20	1060000.0	17	eV	m^-3	A	bilinear flux map followed by linear flux-profile interpolation	True	43.10438368055722	1.4368127893519053e+17	typed window plasma-current conservation ledger
bd3cca1f179fa063eac4d2061c2720906e32c1c7	4	truth	truth	3	1.0	0.12	0.1418484996731082	7148.340875735506	1.1572113625245168e+20	1060000.0	17	eV	m^-3	A	bilinear flux map followed by linear flux-profile interpolation	True	43.10438368055722	1.4368127893519053e+17	typed window plasma-current conservation ledger
bd3cca1f179fa063eac4d2061c2720906e32c1c7	4	truth	truth	4	1.15	0.09	0.06301304981449737	7232.740212639127	1.1600246737546376e+20	1060000.0	17	eV	m^-3	A	bilinear flux map followed by linear flux-profile interpolation	True	43.10438368055722	1.4368127893519053e+17	typed window plasma-current conservation ledger
bd3cca1f179fa063eac4d2061c2720906e32c1c7	4	truth	truth	5	1.25	0.04	0.11932954003221369	7190.50284497584	1.1586167614991947e+20	1060000.0	17	eV	m^-3	A	bilinear flux map followed by linear flux-profile interpolation	True	43.10438368055722	1.4368127893519053e+17	typed window plasma-current conservation ledger
bd3cca1f179fa063eac4d2061c2720906e32c1c7	4	pressure-high	counterfactual	0	0.94	-0.08	0.17084986348847697	7258.087807150927	1.1550362602383642e+20	1060000.0	17	eV	m^-3	A	bilinear flux map followed by linear flux-profile interpolation	True	43.10438368055731	1.4368127893519104e+17	typed window plasma-current conservation ledger
bd3cca1f179fa063eac4d2061c2720906e32c1c7	4	pressure-high	counterfactual	1	1.03	-0.03	0.032292340555860936	7430.780744583104	1.1607926914861035e+20	1060000.0	17	eV	m^-3	A	bilinear flux map followed by linear flux-profile interpolation	True	43.10438368055731	1.4368127893519104e+17	typed window plasma-current conservation ledger
bd3cca1f179fa063eac4d2061c2720906e32c1c7	4	pressure-high	counterfactual	2	1.12	0.02	0.005231731203491915	7451.076201597381	1.1614692067199127e+20	1060000.0	17	eV	m^-3	A	bilinear flux map followed by linear flux-profile interpolation	True	43.10438368055731	1.4368127893519104e+17	typed window plasma-current conservation ledger
bd3cca1f179fa063eac4d2061c2720906e32c1c7	4	pressure-high	counterfactual	3	1.0	0.12	0.14192982762393458	7323.157887846147	1.157205262928205e+20	1060000.0	17	eV	m^-3	A	bilinear flux map followed by linear flux-profile interpolation	True	43.10438368055731	1.4368127893519104e+17	typed window plasma-current conservation ledger
bd3cca1f179fa063eac4d2061c2720906e32c1c7	4	pressure-high	counterfactual	4	1.15	0.09	0.06297464536998613	7407.769015972511	1.1600256338657503e+20	1060000.0	17	eV	m^-3	A	bilinear flux map followed by linear flux-profile interpolation	True	43.10438368055731	1.4368127893519104e+17	typed window plasma-current conservation ledger
bd3cca1f179fa063eac4d2061c2720906e32c1c7	4	pressure-high	counterfactual	5	1.25	0.04	0.1192113139908107	7365.591514506892	1.1586197171502298e+20	1060000.0	17	eV	m^-3	A	bilinear flux map followed by linear flux-profile interpolation	True	43.10438368055731	1.4368127893519104e+17	typed window plasma-current conservation ledger
bd3cca1f179fa063eac4d2061c2720906e32c1c7	4	field-high	counterfactual	0	0.94	-0.08	0.17079521958726662	7083.2107559286505	1.131040358530955e+20	1060000.0	17	eV	m^-3	A	bilinear flux map followed by linear flux-profile interpolation	True	43.10438368055691	1.4368127893518947e+17	typed window plasma-current conservation ledger
bd3cca1f179fa063eac4d2061c2720906e32c1c7	4	field-high	counterfactual	1	1.03	-0.03	0.032268071163237336	7255.798946627572	1.136793298220919e+20	1060000.0	17	eV	m^-3	A	bilinear flux map followed by linear flux-profile interpolation	True	43.10438368055691	1.4368127893518947e+17	typed window plasma-current conservation ledger
bd3cca1f179fa063eac4d2061c2720906e32c1c7	4	field-high	counterfactual	2	1.12	0.02	0.005237836319455083	7276.071622760409	1.1374690540920136e+20	1060000.0	17	eV	m^-3	A	bilinear flux map followed by linear flux-profile interpolation	True	43.10438368055691	1.4368127893518947e+17	typed window plasma-current conservation ledger
bd3cca1f179fa063eac4d2061c2720906e32c1c7	4	field-high	counterfactual	3	1.0	0.12	0.1418954333951154	7148.23527486099	1.1332078424953663e+20	1060000.0	17	eV	m^-3	A	bilinear flux map followed by linear flux-profile interpolation	True	43.10438368055691	1.4368127893518947e+17	typed window plasma-current conservation ledger
bd3cca1f179fa063eac4d2061c2720906e32c1c7	4	field-high	counterfactual	4	1.15	0.09	0.0629908753221449	7232.756843508391	1.1360252281169465e+20	1060000.0	17	eV	m^-3	A	bilinear flux map followed by linear flux-profile interpolation	True	43.10438368055691	1.4368127893518947e+17	typed window plasma-current conservation ledger
bd3cca1f179fa063eac4d2061c2720906e32c1c7	4	field-high	counterfactual	5	1.25	0.04	0.11926129339695472	7190.554029952284	1.134618467665076e+20	1060000.0	17	eV	m^-3	A	bilinear flux map followed by linear flux-profile interpolation	True	43.10438368055691	1.4368127893518947e+17	typed window plasma-current conservation ledger
bd3cca1f179fa063eac4d2061c2720906e32c1c7	4	current-low	counterfactual	0	0.94	-0.08	0.17072064257951555	6978.378554196091	1.1730459518065363e+20	1010000.0	17	eV	m^-3	A	bilinear flux map followed by linear flux-profile interpolation	True	43.10438368055719	1.4368127893519053e+17	typed window plasma-current conservation ledger
bd3cca1f179fa063eac4d2061c2720906e32c1c7	4	current-low	counterfactual	1	1.03	-0.03	0.03223495908410208	7150.823780686925	1.1787941260228975e+20	1010000.0	17	eV	m^-3	A	bilinear flux map followed by linear flux-profile interpolation	True	43.10438368055719	1.4368127893519053e+17	typed window plasma-current conservation ledger
bd3cca1f179fa063eac4d2061c2720906e32c1c7	4	current-low	counterfactual	2	1.12	0.02	0.005246189168935625	7171.065358123299	1.1794688452707765e+20	1010000.0	17	eV	m^-3	A	bilinear flux map followed by linear flux-profile interpolation	True	43.10438368055719	1.4368127893519053e+17	typed window plasma-current conservation ledger
bd3cca1f179fa063eac4d2061c2720906e32c1c7	4	current-low	counterfactual	3	1.0	0.12	0.1418484996731082	7043.340875735507	1.1752113625245168e+20	1010000.0	17	eV	m^-3	A	bilinear flux map followed by linear flux-profile interpolation	True	43.10438368055719	1.4368127893519053e+17	typed window plasma-current conservation ledger
bd3cca1f179fa063eac4d2061c2720906e32c1c7	4	current-low	counterfactual	4	1.15	0.09	0.06301304981449737	7127.740212639128	1.1780246737546376e+20	1010000.0	17	eV	m^-3	A	bilinear flux map followed by linear flux-profile interpolation	True	43.10438368055719	1.4368127893519053e+17	typed window plasma-current conservation ledger
bd3cca1f179fa063eac4d2061c2720906e32c1c7	4	current-low	counterfactual	5	1.25	0.04	0.11932954003221369	7085.502844975841	1.1766167614991947e+20	1010000.0	17	eV	m^-3	A	bilinear flux map followed by linear flux-profile interpolation	True	43.10438368055719	1.4368127893519053e+17	typed window plasma-current conservation ledger
bd3cca1f179fa063eac4d2061c2720906e32c1c7	5	truth	truth	0	0.94	-0.08	0.1707442339794167	7153.325473546313	1.1454441824515437e+20	1075000.0	17	eV	m^-3	A	bilinear flux map followed by linear flux-profile interpolation	True	43.10438368055721	1.4368127893519053e+17	typed window plasma-current conservation ledger
bd3cca1f179fa063eac4d2061c2720906e32c1c7	5	truth	truth	1	1.03	-0.03	0.03224543233792428	7325.815925746558	1.1511938641915519e+20	1075000.0	17	eV	m^-3	A	bilinear flux map followed by linear flux-profile interpolation	True	43.10438368055721	1.4368127893519053e+17	typed window plasma-current conservation ledger
bd3cca1f179fa063eac4d2061c2720906e32c1c7	5	truth	truth	2	1.12	0.02	0.005243544276678901	7346.067341792492	1.151868911393083e+20	1075000.0	17	eV	m^-3	A	bilinear flux map followed by linear flux-profile interpolation	True	43.10438368055721	1.4368127893519053e+17	typed window plasma-current conservation ledger
bd3cca1f179fa063eac4d2061c2720906e32c1c7	5	truth	truth	3	1.0	0.12	0.14186334564229003	7218.3074723048485	1.1476102490768282e+20	1075000.0	17	eV	m^-3	A	bilinear flux map followed by linear flux-profile interpolation	True	43.10438368055721	1.4368127893519053e+17	typed window plasma-current conservation ledger
bd3cca1f179fa063eac4d2061c2720906e32c1c7	5	truth	truth	4	1.15	0.09	0.063006032206881	7302.74547584484	1.150424849194828e+20	1075000.0	17	eV	m^-3	A	bilinear flux map followed by linear flux-profile interpolation	True	43.10438368055721	1.4368127893519053e+17	typed window plasma-current conservation ledger
bd3cca1f179fa063eac4d2061c2720906e32c1c7	5	truth	truth	5	1.25	0.04	0.11930794670673185	7260.519039969952	1.1490173013323317e+20	1075000.0	17	eV	m^-3	A	bilinear flux map followed by linear flux-profile interpolation	True	43.10438368055721	1.4368127893519053e+17	typed window plasma-current conservation ledger
bd3cca1f179fa063eac4d2061c2720906e32c1c7	5	pressure-high	counterfactual	0	0.94	-0.08	0.17087346666838105	7328.034699996142	1.1454344899998713e+20	1075000.0	17	eV	m^-3	A	bilinear flux map followed by linear flux-profile interpolation	True	43.104383680557056	1.4368127893519e+17	typed window plasma-current conservation ledger
bd3cca1f179fa063eac4d2061c2720906e32c1c7	5	pressure-high	counterfactual	1	1.03	-0.03	0.032302825589686036	7500.7728808077345	1.151192429360258e+20	1075000.0	17	eV	m^-3	A	bilinear flux map followed by linear flux-profile interpolation	True	43.104383680557056	1.4368127893519e+17	typed window plasma-current conservation ledger
bd3cca1f179fa063eac4d2061c2720906e32c1c7	5	pressure-high	counterfactual	2	1.12	0.02	0.0052290980912380845	7521.078176431571	1.1518692725477191e+20	1075000.0	17	eV	m^-3	A	bilinear flux map followed by linear flux-profile interpolation	True	43.104383680557056	1.4368127893519e+17	typed window plasma-current conservation ledger
bd3cca1f179fa063eac4d2061c2720906e32c1c7	5	pressure-high	counterfactual	3	1.0	0.12	0.1419446853731193	7393.1244579104805	1.147604148597016e+20	1075000.0	17	eV	m^-3	A	bilinear flux map followed by linear flux-profile interpolation	True	43.104383680557056	1.4368127893519e+17	typed window plasma-current conservation ledger
bd3cca1f179fa063eac4d2061c2720906e32c1c7	5	pressure-high	counterfactual	4	1.15	0.09	0.06296763954237267	7477.7742703432195	1.1504258090114407e+20	1075000.0	17	eV	m^-3	A	bilinear flux map followed by linear flux-profile interpolation	True	43.104383680557056	1.4368127893519e+17	typed window plasma-current conservation ledger
bd3cca1f179fa063eac4d2061c2720906e32c1c7	5	pressure-high	counterfactual	5	1.25	0.04	0.11918973244533176	7435.607700666001	1.1490202566888668e+20	1075000.0	17	eV	m^-3	A	bilinear flux map followed by linear flux-profile interpolation	True	43.104383680557056	1.4368127893519e+17	typed window plasma-current conservation ledger
bd3cca1f179fa063eac4d2061c2720906e32c1c7	5	field-high	counterfactual	0	0.94	-0.08	0.17081881778645516	7153.157659980477	1.1214385886660159e+20	1075000.0	17	eV	m^-3	A	bilinear flux map followed by linear flux-profile interpolation	True	43.10438368055737	1.4368127893519104e+17	typed window plasma-current conservation ledger
bd3cca1f179fa063eac4d2061c2720906e32c1c7	5	field-high	counterfactual	1	1.03	-0.03	0.032278551216346936	7325.791086587741	1.1271930362195914e+20	1075000.0	17	eV	m^-3	A	bilinear flux map followed by linear flux-profile interpolation	True	43.10438368055737	1.4368127893519104e+17	typed window plasma-current conservation ledger
bd3cca1f179fa063eac4d2061c2720906e32c1c7	5	field-high	counterfactual	2	1.12	0.02	0.005235198226485743	7346.073601330137	1.1278691200443379e+20	1075000.0	17	eV	m^-3	A	bilinear flux map followed by linear flux-profile interpolation	True	43.10438368055737	1.4368127893519104e+17	typed window plasma-current conservation ledger
bd3cca1f179fa063eac4d2061c2720906e32c1c7	5	field-high	counterfactual	3	1.0	0.12	0.14191028616358464	7218.2018561319355	1.123606728537731e+20	1075000.0	17	eV	m^-3	A	bilinear flux map followed by linear flux-profile interpolation	True	43.10438368055737	1.4368127893519104e+17	typed window plasma-current conservation ledger
bd3cca1f179fa063eac4d2061c2720906e32c1c7	5	field-high	counterfactual	4	1.15	0.09	0.06298386451381591	7302.762101614639	1.1264254033871546e+20	1075000.0	17	eV	m^-3	A	bilinear flux map followed by linear flux-profile interpolation	True	43.10438368055737	1.4368127893519104e+17	typed window plasma-current conservation ledger
bd3cca1f179fa063eac4d2061c2720906e32c1c7	5	field-high	counterfactual	5	1.25	0.04	0.11923970687076026	7260.570219846931	1.125019007328231e+20	1075000.0	17	eV	m^-3	A	bilinear flux map followed by linear flux-profile interpolation	True	43.10438368055737	1.4368127893519104e+17	typed window plasma-current conservation ledger
bd3cca1f179fa063eac4d2061c2720906e32c1c7	5	current-low	counterfactual	0	0.94	-0.08	0.1707442339794167	7048.325473546313	1.1634441824515437e+20	1024999.9999999999	17	eV	m^-3	A	bilinear flux map followed by linear flux-profile interpolation	True	43.104383680557156	1.4368127893519053e+17	typed window plasma-current conservation ledger
bd3cca1f179fa063eac4d2061c2720906e32c1c7	5	current-low	counterfactual	1	1.03	-0.03	0.03224543233792428	7220.815925746558	1.1691938641915519e+20	1024999.9999999999	17	eV	m^-3	A	bilinear flux map followed by linear flux-profile interpolation	True	43.104383680557156	1.4368127893519053e+17	typed window plasma-current conservation ledger
bd3cca1f179fa063eac4d2061c2720906e32c1c7	5	current-low	counterfactual	2	1.12	0.02	0.005243544276678901	7241.067341792492	1.169868911393083e+20	1024999.9999999999	17	eV	m^-3	A	bilinear flux map followed by linear flux-profile interpolation	True	43.104383680557156	1.4368127893519053e+17	typed window plasma-current conservation ledger
bd3cca1f179fa063eac4d2061c2720906e32c1c7	5	current-low	counterfactual	3	1.0	0.12	0.14186334564229003	7113.3074723048485	1.1656102490768282e+20	1024999.9999999999	17	eV	m^-3	A	bilinear flux map followed by linear flux-profile interpolation	True	43.104383680557156	1.4368127893519053e+17	typed window plasma-current conservation ledger
bd3cca1f179fa063eac4d2061c2720906e32c1c7	5	current-low	counterfactual	4	1.15	0.09	0.063006032206881	7197.74547584484	1.168424849194828e+20	1024999.9999999999	17	eV	m^-3	A	bilinear flux map followed by linear flux-profile interpolation	True	43.104383680557156	1.4368127893519053e+17	typed window plasma-current conservation ledger
bd3cca1f179fa063eac4d2061c2720906e32c1c7	5	current-low	counterfactual	5	1.25	0.04	0.11930794670673185	7155.519039969952	1.1670173013323317e+20	1024999.9999999999	17	eV	m^-3	A	bilinear flux map followed by linear flux-profile interpolation	True	43.104383680557156	1.4368127893519053e+17	typed window plasma-current conservation ledger
