tree_sha	window_index	window_start_s	window_end_s	member_id	role	p_prime_scale	ff_prime_scale	current_scale	temperature_scale	density_scale	iterations	gating_norm	contraction	topology_class	net_current_a	mean_electron_temperature_ev	flux_closure_residual	current_continuity_residual
bd3cca1f179fa063eac4d2061c2720906e32c1c7	0	0.0	0.05	truth	truth	1.0	1.0	1.0	1.0	1.0	12	6.880767055823018e-11	0.10500011181457597	limited	1000000.0	6917.85584227226	0.0	0.0
bd3cca1f179fa063eac4d2061c2720906e32c1c7	0	0.0	0.05	pressure-high	counterfactual	1.08	1.0	1.0	1.025	1.0	12	6.846963934192765e-11	0.10499989809910307	limited	1000000.0	7092.7911587223025	0.0	0.0
bd3cca1f179fa063eac4d2061c2720906e32c1c7	0	0.0	0.05	field-high	counterfactual	1.0	1.06	1.0	1.0	0.98	12	7.092758402401788e-11	0.10500014900038461	limited	1000000.0	6917.818517482282	0.0	0.0
bd3cca1f179fa063eac4d2061c2720906e32c1c7	0	0.0	0.05	current-low	counterfactual	1.0	1.0	0.95	0.985	1.015	12	6.880767055823018e-11	0.10500011181457597	limited	950000.0	6812.85584227226	0.0	0.0
bd3cca1f179fa063eac4d2061c2720906e32c1c7	1	0.05	0.1	truth	truth	1.03	0.98	1.015	1.01	0.992	11	1.5153605999906498e-11	0.10499919046794891	limited	1014999.9999999999	6987.844036835652	0.0	0.0
bd3cca1f179fa063eac4d2061c2720906e32c1c7	1	0.05	0.1	pressure-high	counterfactual	1.11	0.98	1.015	1.035	0.992	11	1.4118903647641746e-11	0.10500055616516975	limited	1014999.9999999999	7162.779338560692	0.0	0.0
bd3cca1f179fa063eac4d2061c2720906e32c1c7	1	0.05	0.1	field-high	counterfactual	1.03	1.04	1.015	1.01	0.972	11	1.504128346467314e-11	0.10499932025342472	limited	1014999.9999999999	6987.806703546565	0.0	0.0
bd3cca1f179fa063eac4d2061c2720906e32c1c7	1	0.05	0.1	current-low	counterfactual	1.03	0.98	0.9649999999999999	0.995	1.007	11	1.5153605999906498e-11	0.10499919046794891	limited	964999.9999999999	6882.844036835652	0.0	0.0
bd3cca1f179fa063eac4d2061c2720906e32c1c7	2	0.1	0.15000000000000002	truth	truth	1.06	0.96	1.03	1.02	0.984	11	1.4764910460871003e-11	0.10500042639235609	limited	1030000.0	7057.832228710206	0.0	0.0
bd3cca1f179fa063eac4d2061c2720906e32c1c7	2	0.1	0.15000000000000002	pressure-high	counterfactual	1.1400000000000001	0.96	1.03	1.045	0.984	11	1.3780575147538513e-11	0.10499919046809308	limited	1030000.0	7232.767515710242	0.0	0.0
bd3cca1f179fa063eac4d2061c2720906e32c1c7	2	0.1	0.15000000000000002	field-high	counterfactual	1.06	1.02	1.03	1.02	0.964	11	1.4715320469089012e-11	0.10499919046799493	limited	1030000.0	7057.794886922013	0.0	0.0
bd3cca1f179fa063eac4d2061c2720906e32c1c7	2	0.1	0.15000000000000002	current-low	counterfactual	1.06	0.96	0.98	1.0050000000000001	0.999	11	1.4764910460871003e-11	0.10500042639235609	limited	980000.0	6952.832228710206	0.0	0.0
bd3cca1f179fa063eac4d2061c2720906e32c1c7	3	0.15000000000000002	0.2	truth	truth	1.09	0.94	1.045	1.03	0.976	11	1.4395665076499563e-11	0.10500179209103457	limited	1044999.9999999999	7127.820417895921	0.0	0.0
bd3cca1f179fa063eac4d2061c2720906e32c1c7	3	0.15000000000000002	0.2	pressure-high	counterfactual	1.1700000000000002	0.94	1.045	1.055	0.976	11	1.3458232790823138e-11	0.10499906069722935	limited	1044999.9999999999	7302.755690170955	0.0	0.0
bd3cca1f179fa063eac4d2061c2720906e32c1c7	3	0.15000000000000002	0.2	field-high	counterfactual	1.09	1.0	1.045	1.03	0.956	11	1.434851677704546e-11	0.1050004263923998	limited	1044999.9999999999	7127.783067608617	0.0	0.0
bd3cca1f179fa063eac4d2061c2720906e32c1c7	3	0.15000000000000002	0.2	current-low	counterfactual	1.09	0.94	0.9949999999999999	1.0150000000000001	0.991	11	1.4395665076499563e-11	0.10500179209103457	limited	994999.9999999999	7022.820417895921	0.0	0.0
bd3cca1f179fa063eac4d2061c2720906e32c1c7	4	0.2	0.25	truth	truth	1.12	0.92	1.06	1.04	0.968	11	1.4043949640616372e-11	0.10499932023928377	limited	1060000.0	7197.808604392797	0.0	0.0
bd3cca1f179fa063eac4d2061c2720906e32c1c7	4	0.2	0.25	pressure-high	counterfactual	1.2000000000000002	0.92	1.06	1.065	0.968	11	1.3150625625588745e-11	0.10499919046815921	limited	1060000.0	7372.743861942828	0.0	0.0
bd3cca1f179fa063eac4d2061c2720906e32c1c7	4	0.2	0.25	field-high	counterfactual	1.12	0.98	1.06	1.04	0.948	11	1.3999397962447385e-11	0.1050005561651823	limited	1060000.0	7197.771245606382	0.0	0.0
bd3cca1f179fa063eac4d2061c2720906e32c1c7	4	0.2	0.25	current-low	counterfactual	1.12	0.92	1.01	1.0250000000000001	0.983	11	1.4043949640616372e-11	0.10499932023928377	limited	1010000.0	7092.808604392798	0.0	0.0
bd3cca1f179fa063eac4d2061c2720906e32c1c7	5	0.25	0.30000000000000004	truth	truth	1.15	0.9	1.075	1.05	0.96	11	1.370947928826034e-11	0.10500055616521274	limited	1075000.0	7267.796788200833	0.0	0.0
bd3cca1f179fa063eac4d2061c2720906e32c1c7	5	0.25	0.30000000000000004	pressure-high	counterfactual	1.23	0.9	1.075	1.075	0.96	11	1.2856765847859307e-11	0.10499919046819008	limited	1075000.0	7442.732031025857	0.0	0.0
bd3cca1f179fa063eac4d2061c2720906e32c1c7	5	0.25	0.30000000000000004	field-high	counterfactual	1.15	0.96	1.075	1.05	0.94	11	1.3666864665424076e-11	0.10500042639247137	limited	1075000.0	7267.759420915309	0.0	0.0
bd3cca1f179fa063eac4d2061c2720906e32c1c7	5	0.25	0.30000000000000004	current-low	counterfactual	1.15	0.9	1.025	1.0350000000000001	0.975	11	1.370947928826034e-11	0.10500055616521274	limited	1024999.9999999999	7162.796788200833	0.0	0.0
