tree_sha	study	run	criterion	iteration	field	value	unit	status	provenance
c3d3d0b7e7bb7393ec040fe78f392bb6bc580f0d	attribution	band_only	damping=0.5		contraction_estimate	0.53758678955385919	ratio	WindowConvergenceError	/home/ITER/mcintos/.config/reckon/crew/runs/r-20260822T122128731710-convergence-composition-study/band-only.tsv
c3d3d0b7e7bb7393ec040fe78f392bb6bc580f0d	attribution	band_only	damping=0.5		iterations_used	10	iterations	WindowConvergenceError	/home/ITER/mcintos/.config/reckon/crew/runs/r-20260822T122128731710-convergence-composition-study/band-only.tsv
c3d3d0b7e7bb7393ec040fe78f392bb6bc580f0d	attribution	band_only	damping=0.5		window_wall	170.25771914608777	s	WindowConvergenceError	/home/ITER/mcintos/.config/reckon/crew/runs/r-20260822T122128731710-convergence-composition-study/band-only.tsv
c05a83a6cc1ee0368c7c9e97d7656ecb778ce8bd	attribution	band_plus_shape	damping=0.5		contraction_estimate	0.64062864104278661	ratio	WindowConvergenceError	/home/ITER/mcintos/.config/reckon/crew/runs/r-20260822T122128731710-convergence-composition-study/band-plus-shape.tsv
c05a83a6cc1ee0368c7c9e97d7656ecb778ce8bd	attribution	band_plus_shape	damping=0.5		iterations_used	10	iterations	WindowConvergenceError	/home/ITER/mcintos/.config/reckon/crew/runs/r-20260822T122128731710-convergence-composition-study/band-plus-shape.tsv
c05a83a6cc1ee0368c7c9e97d7656ecb778ce8bd	attribution	band_plus_shape	damping=0.5		window_wall	171.7641979760956	s	WindowConvergenceError	/home/ITER/mcintos/.config/reckon/crew/runs/r-20260822T122128731710-convergence-composition-study/band-plus-shape.tsv
632e048259def61f89c54bdee637011d64e4231e	acceleration	current	damping=0.5		contraction_estimate	0.62828535026498111	ratio	WindowReceipt	/home/ITER/mcintos/.config/reckon/crew/runs/r-20260822T122128731710-convergence-composition-study/current-damping-0.5.tsv
632e048259def61f89c54bdee637011d64e4231e	acceleration	current	damping=0.5		iterations_used	14	iterations	WindowReceipt	/home/ITER/mcintos/.config/reckon/crew/runs/r-20260822T122128731710-convergence-composition-study/current-damping-0.5.tsv
632e048259def61f89c54bdee637011d64e4231e	acceleration	current	damping=0.5		window_wall	233.02427290403284	s	WindowReceipt	/home/ITER/mcintos/.config/reckon/crew/runs/r-20260822T122128731710-convergence-composition-study/current-damping-0.5.tsv
632e048259def61f89c54bdee637011d64e4231e	acceleration	current	existing_anderson		status	TracerArrayConversionError	type	ASSESSED	/home/ITER/mcintos/.config/reckon/crew/runs/r-20260822T122128731710-convergence-composition-study/current-damping-0.5.tsv
632e048259def61f89c54bdee637011d64e4231e	acceleration	current	existing_anderson		reason	The numpy.ndarray conversion method __array__() was called on traced array with shape float64[2]	text	ASSESSED	/home/ITER/mcintos/.config/reckon/crew/runs/r-20260822T122128731710-convergence-composition-study/current-damping-0.5.tsv
632e048259def61f89c54bdee637011d64e4231e	acceleration	current	damping=0.69999999999999996		contraction_estimate	0.4718021749442266	ratio	WindowReceipt	/home/ITER/mcintos/.config/reckon/crew/runs/r-20260822T122128731710-convergence-composition-study/current-damping-0.7.tsv
632e048259def61f89c54bdee637011d64e4231e	acceleration	current	damping=0.69999999999999996		iterations_used	10	iterations	WindowReceipt	/home/ITER/mcintos/.config/reckon/crew/runs/r-20260822T122128731710-convergence-composition-study/current-damping-0.7.tsv
632e048259def61f89c54bdee637011d64e4231e	acceleration	current	damping=0.69999999999999996		window_wall	172.38636034913361	s	WindowReceipt	/home/ITER/mcintos/.config/reckon/crew/runs/r-20260822T122128731710-convergence-composition-study/current-damping-0.7.tsv
632e048259def61f89c54bdee637011d64e4231e	acceleration	current	damping=1		contraction_estimate	0.23723366557491143	ratio	WindowReceipt	/home/ITER/mcintos/.config/reckon/crew/runs/r-20260822T122128731710-convergence-composition-study/current-damping-1.0.tsv
632e048259def61f89c54bdee637011d64e4231e	acceleration	current	damping=1		iterations_used	6	iterations	WindowReceipt	/home/ITER/mcintos/.config/reckon/crew/runs/r-20260822T122128731710-convergence-composition-study/current-damping-1.0.tsv
632e048259def61f89c54bdee637011d64e4231e	acceleration	current	damping=1		window_wall	108.23742180201225	s	WindowReceipt	/home/ITER/mcintos/.config/reckon/crew/runs/r-20260822T122128731710-convergence-composition-study/current-damping-1.0.tsv
39865852d96d2a136e155e6bcf838fdc2412b26d	gating_composition	landed_converged	all_fields	1	geometry.delta_lower_face	1.7437508268752859	weighted_relative	GATING_FIELD	scripts/window_demonstration/receipts.tsv
39865852d96d2a136e155e6bcf838fdc2412b26d	gating_composition	landed_converged	all_fields	2	geometry.delta_lower_face	0.91786089149618	weighted_relative	GATING_FIELD	scripts/window_demonstration/receipts.tsv
39865852d96d2a136e155e6bcf838fdc2412b26d	gating_composition	landed_converged	all_fields	3	geometry.delta_lower_face	0.56534643086755976	weighted_relative	GATING_FIELD	scripts/window_demonstration/receipts.tsv
39865852d96d2a136e155e6bcf838fdc2412b26d	gating_composition	landed_converged	all_fields	4	geometry.delta_lower_face	0.36610522239768434	weighted_relative	GATING_FIELD	scripts/window_demonstration/receipts.tsv
39865852d96d2a136e155e6bcf838fdc2412b26d	gating_composition	landed_converged	all_fields	5	geometry.delta_lower_face	0.24067272606521295	weighted_relative	GATING_FIELD	scripts/window_demonstration/receipts.tsv
39865852d96d2a136e155e6bcf838fdc2412b26d	gating_composition	landed_converged	all_fields	6	geometry.delta_lower_face	0.15833945163103733	weighted_relative	GATING_FIELD	scripts/window_demonstration/receipts.tsv
39865852d96d2a136e155e6bcf838fdc2412b26d	gating_composition	landed_converged	all_fields	7	geometry.delta_lower_face	0.10364417448533883	weighted_relative	GATING_FIELD	scripts/window_demonstration/receipts.tsv
39865852d96d2a136e155e6bcf838fdc2412b26d	gating_composition	landed_converged	all_fields	8	geometry.delta_lower_face	0.067359458975216988	weighted_relative	GATING_FIELD	scripts/window_demonstration/receipts.tsv
39865852d96d2a136e155e6bcf838fdc2412b26d	gating_composition	landed_converged	all_fields	9	geometry.delta_lower_face	0.04345312858171492	weighted_relative	GATING_FIELD	scripts/window_demonstration/receipts.tsv
39865852d96d2a136e155e6bcf838fdc2412b26d	gating_composition	landed_converged	all_fields	10	geometry.delta_lower_face	0.027837318712361499	weighted_relative	GATING_FIELD	scripts/window_demonstration/receipts.tsv
39865852d96d2a136e155e6bcf838fdc2412b26d	gating_composition	landed_converged	all_fields	11	geometry.delta_lower_face	0.017724267834376708	weighted_relative	GATING_FIELD	scripts/window_demonstration/receipts.tsv
39865852d96d2a136e155e6bcf838fdc2412b26d	gating_composition	landed_converged	all_fields	12	geometry.delta_lower_face	0.011226051901618033	weighted_relative	GATING_FIELD	scripts/window_demonstration/receipts.tsv
39865852d96d2a136e155e6bcf838fdc2412b26d	gating_composition	landed_converged	all_fields	13	geometry.delta_upper_face	0.0070789742129480013	weighted_relative	GATING_FIELD	scripts/window_demonstration/receipts.tsv
39865852d96d2a136e155e6bcf838fdc2412b26d	gating_composition	landed_converged	all_fields	14	geometry.delta_upper_face	0.0044476157928988042	weighted_relative	GATING_FIELD	scripts/window_demonstration/receipts.tsv
39865852d96d2a136e155e6bcf838fdc2412b26d	gating_composition	landed_converged	all_fields		tolerance_iteration	14	iterations	MEASURED	scripts/window_demonstration/receipts.tsv
39865852d96d2a136e155e6bcf838fdc2412b26d	gating_composition	landed_converged	shape_weight_0.25	1	source.boundary_pressure	1	weighted_relative	GATING_FIELD	scripts/window_demonstration/receipts.tsv
39865852d96d2a136e155e6bcf838fdc2412b26d	gating_composition	landed_converged	shape_weight_0.25	2	source.boundary_pressure	0.5	weighted_relative	GATING_FIELD	scripts/window_demonstration/receipts.tsv
39865852d96d2a136e155e6bcf838fdc2412b26d	gating_composition	landed_converged	shape_weight_0.25	3	source.boundary_pressure	0.24999999999999992	weighted_relative	GATING_FIELD	scripts/window_demonstration/receipts.tsv
39865852d96d2a136e155e6bcf838fdc2412b26d	gating_composition	landed_converged	shape_weight_0.25	4	source.boundary_pressure	0.12499999999999996	weighted_relative	GATING_FIELD	scripts/window_demonstration/receipts.tsv
39865852d96d2a136e155e6bcf838fdc2412b26d	gating_composition	landed_converged	shape_weight_0.25	5	source.boundary_pressure	0.062499999999999979	weighted_relative	GATING_FIELD	scripts/window_demonstration/receipts.tsv
39865852d96d2a136e155e6bcf838fdc2412b26d	gating_composition	landed_converged	shape_weight_0.25	6	geometry.delta_lower_face	0.039584862907759331	weighted_relative	GATING_FIELD	scripts/window_demonstration/receipts.tsv
39865852d96d2a136e155e6bcf838fdc2412b26d	gating_composition	landed_converged	shape_weight_0.25	7	geometry.delta_lower_face	0.025911043621334708	weighted_relative	GATING_FIELD	scripts/window_demonstration/receipts.tsv
39865852d96d2a136e155e6bcf838fdc2412b26d	gating_composition	landed_converged	shape_weight_0.25	8	geometry.delta_lower_face	0.016839864743804247	weighted_relative	GATING_FIELD	scripts/window_demonstration/receipts.tsv
39865852d96d2a136e155e6bcf838fdc2412b26d	gating_composition	landed_converged	shape_weight_0.25	9	geometry.delta_lower_face	0.01086328214542873	weighted_relative	GATING_FIELD	scripts/window_demonstration/receipts.tsv
39865852d96d2a136e155e6bcf838fdc2412b26d	gating_composition	landed_converged	shape_weight_0.25	10	geometry.delta_lower_face	0.0069593296780903749	weighted_relative	GATING_FIELD	scripts/window_demonstration/receipts.tsv
39865852d96d2a136e155e6bcf838fdc2412b26d	gating_composition	landed_converged	shape_weight_0.25	11	geometry.delta_lower_face	0.0044310669585941771	weighted_relative	GATING_FIELD	scripts/window_demonstration/receipts.tsv
39865852d96d2a136e155e6bcf838fdc2412b26d	gating_composition	landed_converged	shape_weight_0.25	12	geometry.delta_lower_face	0.0028065129754045082	weighted_relative	GATING_FIELD	scripts/window_demonstration/receipts.tsv
39865852d96d2a136e155e6bcf838fdc2412b26d	gating_composition	landed_converged	shape_weight_0.25	13	geometry.delta_upper_face	0.0017697435532370003	weighted_relative	GATING_FIELD	scripts/window_demonstration/receipts.tsv
39865852d96d2a136e155e6bcf838fdc2412b26d	gating_composition	landed_converged	shape_weight_0.25	14	geometry.delta_upper_face	0.001111903948224701	weighted_relative	GATING_FIELD	scripts/window_demonstration/receipts.tsv
39865852d96d2a136e155e6bcf838fdc2412b26d	gating_composition	landed_converged	shape_weight_0.25		tolerance_iteration	11	iterations	MEASURED	scripts/window_demonstration/receipts.tsv
39865852d96d2a136e155e6bcf838fdc2412b26d	gating_composition	landed_converged	shape_weight_0.25		iterations_earlier	3	iterations	MEASURED	scripts/window_demonstration/receipts.tsv
39865852d96d2a136e155e6bcf838fdc2412b26d	gating_composition	landed_converged	shape_excluded_from_gate	1	source.boundary_pressure	1	weighted_relative	GATING_FIELD	scripts/window_demonstration/receipts.tsv
39865852d96d2a136e155e6bcf838fdc2412b26d	gating_composition	landed_converged	shape_excluded_from_gate	2	source.boundary_pressure	0.5	weighted_relative	GATING_FIELD	scripts/window_demonstration/receipts.tsv
39865852d96d2a136e155e6bcf838fdc2412b26d	gating_composition	landed_converged	shape_excluded_from_gate	3	source.boundary_pressure	0.24999999999999992	weighted_relative	GATING_FIELD	scripts/window_demonstration/receipts.tsv
39865852d96d2a136e155e6bcf838fdc2412b26d	gating_composition	landed_converged	shape_excluded_from_gate	4	source.boundary_pressure	0.12499999999999996	weighted_relative	GATING_FIELD	scripts/window_demonstration/receipts.tsv
39865852d96d2a136e155e6bcf838fdc2412b26d	gating_composition	landed_converged	shape_excluded_from_gate	5	source.boundary_pressure	0.062499999999999979	weighted_relative	GATING_FIELD	scripts/window_demonstration/receipts.tsv
39865852d96d2a136e155e6bcf838fdc2412b26d	gating_composition	landed_converged	shape_excluded_from_gate	6	source.boundary_pressure	0.031250000000000062	weighted_relative	GATING_FIELD	scripts/window_demonstration/receipts.tsv
39865852d96d2a136e155e6bcf838fdc2412b26d	gating_composition	landed_converged	shape_excluded_from_gate	7	source.boundary_pressure	0.015625000000000031	weighted_relative	GATING_FIELD	scripts/window_demonstration/receipts.tsv
39865852d96d2a136e155e6bcf838fdc2412b26d	gating_composition	landed_converged	shape_excluded_from_gate	8	source.boundary_pressure	0.0078125000000000156	weighted_relative	GATING_FIELD	scripts/window_demonstration/receipts.tsv
39865852d96d2a136e155e6bcf838fdc2412b26d	gating_composition	landed_converged	shape_excluded_from_gate	9	source.boundary_pressure	0.0039062500000000789	weighted_relative	GATING_FIELD	scripts/window_demonstration/receipts.tsv
39865852d96d2a136e155e6bcf838fdc2412b26d	gating_composition	landed_converged	shape_excluded_from_gate	10	source.boundary_pressure	0.0019531250000000395	weighted_relative	GATING_FIELD	scripts/window_demonstration/receipts.tsv
39865852d96d2a136e155e6bcf838fdc2412b26d	gating_composition	landed_converged	shape_excluded_from_gate	11	source.boundary_pressure	0.00097656250000009064	weighted_relative	GATING_FIELD	scripts/window_demonstration/receipts.tsv
39865852d96d2a136e155e6bcf838fdc2412b26d	gating_composition	landed_converged	shape_excluded_from_gate	12	source.boundary_pressure	0.00048828125000004532	weighted_relative	GATING_FIELD	scripts/window_demonstration/receipts.tsv
39865852d96d2a136e155e6bcf838fdc2412b26d	gating_composition	landed_converged	shape_excluded_from_gate	13	source.phi_boundary	0.00028326438996397526	weighted_relative	GATING_FIELD	scripts/window_demonstration/receipts.tsv
39865852d96d2a136e155e6bcf838fdc2412b26d	gating_composition	landed_converged	shape_excluded_from_gate	14	source.phi_boundary	0.00017757883562106327	weighted_relative	GATING_FIELD	scripts/window_demonstration/receipts.tsv
39865852d96d2a136e155e6bcf838fdc2412b26d	gating_composition	landed_converged	shape_excluded_from_gate		tolerance_iteration	9	iterations	MEASURED	scripts/window_demonstration/receipts.tsv
39865852d96d2a136e155e6bcf838fdc2412b26d	gating_composition	landed_converged	shape_excluded_from_gate		iterations_earlier	5	iterations	MEASURED	scripts/window_demonstration/receipts.tsv
69ded008448592f0a298bed304964e9e75e4435b	gating_composition	landed_exhausted	all_fields	1	geometry.delta_lower_face	1.7437508268752859	weighted_relative	GATING_FIELD	/home/ITER/mcintos/.config/reckon/crew/runs/r-20260822T122128731710-convergence-composition-study/../r-20260822T101928995343-same-tree-window-contraction/cpu-results.tsv
69ded008448592f0a298bed304964e9e75e4435b	gating_composition	landed_exhausted	all_fields	2	geometry.delta_lower_face	0.91786089149618	weighted_relative	GATING_FIELD	/home/ITER/mcintos/.config/reckon/crew/runs/r-20260822T122128731710-convergence-composition-study/../r-20260822T101928995343-same-tree-window-contraction/cpu-results.tsv
69ded008448592f0a298bed304964e9e75e4435b	gating_composition	landed_exhausted	all_fields	3	geometry.delta_lower_face	0.56534643086755976	weighted_relative	GATING_FIELD	/home/ITER/mcintos/.config/reckon/crew/runs/r-20260822T122128731710-convergence-composition-study/../r-20260822T101928995343-same-tree-window-contraction/cpu-results.tsv
69ded008448592f0a298bed304964e9e75e4435b	gating_composition	landed_exhausted	all_fields	4	geometry.delta_lower_face	0.36610522239768434	weighted_relative	GATING_FIELD	/home/ITER/mcintos/.config/reckon/crew/runs/r-20260822T122128731710-convergence-composition-study/../r-20260822T101928995343-same-tree-window-contraction/cpu-results.tsv
69ded008448592f0a298bed304964e9e75e4435b	gating_composition	landed_exhausted	all_fields	5	geometry.delta_lower_face	0.24067272606521295	weighted_relative	GATING_FIELD	/home/ITER/mcintos/.config/reckon/crew/runs/r-20260822T122128731710-convergence-composition-study/../r-20260822T101928995343-same-tree-window-contraction/cpu-results.tsv
69ded008448592f0a298bed304964e9e75e4435b	gating_composition	landed_exhausted	all_fields	6	geometry.delta_lower_face	0.15833945163103733	weighted_relative	GATING_FIELD	/home/ITER/mcintos/.config/reckon/crew/runs/r-20260822T122128731710-convergence-composition-study/../r-20260822T101928995343-same-tree-window-contraction/cpu-results.tsv
69ded008448592f0a298bed304964e9e75e4435b	gating_composition	landed_exhausted	all_fields	7	geometry.delta_lower_face	0.10364417448533883	weighted_relative	GATING_FIELD	/home/ITER/mcintos/.config/reckon/crew/runs/r-20260822T122128731710-convergence-composition-study/../r-20260822T101928995343-same-tree-window-contraction/cpu-results.tsv
69ded008448592f0a298bed304964e9e75e4435b	gating_composition	landed_exhausted	all_fields	8	geometry.delta_lower_face	0.067359458975216988	weighted_relative	GATING_FIELD	/home/ITER/mcintos/.config/reckon/crew/runs/r-20260822T122128731710-convergence-composition-study/../r-20260822T101928995343-same-tree-window-contraction/cpu-results.tsv
69ded008448592f0a298bed304964e9e75e4435b	gating_composition	landed_exhausted	all_fields	9	geometry.delta_lower_face	0.04345312858171492	weighted_relative	GATING_FIELD	/home/ITER/mcintos/.config/reckon/crew/runs/r-20260822T122128731710-convergence-composition-study/../r-20260822T101928995343-same-tree-window-contraction/cpu-results.tsv
69ded008448592f0a298bed304964e9e75e4435b	gating_composition	landed_exhausted	all_fields	10	geometry.delta_lower_face	0.027837318712361499	weighted_relative	GATING_FIELD	/home/ITER/mcintos/.config/reckon/crew/runs/r-20260822T122128731710-convergence-composition-study/../r-20260822T101928995343-same-tree-window-contraction/cpu-results.tsv
69ded008448592f0a298bed304964e9e75e4435b	gating_composition	landed_exhausted	all_fields		tolerance_iteration	none	iterations	MEASURED	/home/ITER/mcintos/.config/reckon/crew/runs/r-20260822T122128731710-convergence-composition-study/../r-20260822T101928995343-same-tree-window-contraction/cpu-results.tsv
69ded008448592f0a298bed304964e9e75e4435b	gating_composition	landed_exhausted	shape_weight_0.25	1	source.boundary_pressure	1	weighted_relative	GATING_FIELD	/home/ITER/mcintos/.config/reckon/crew/runs/r-20260822T122128731710-convergence-composition-study/../r-20260822T101928995343-same-tree-window-contraction/cpu-results.tsv
69ded008448592f0a298bed304964e9e75e4435b	gating_composition	landed_exhausted	shape_weight_0.25	2	source.boundary_pressure	0.5	weighted_relative	GATING_FIELD	/home/ITER/mcintos/.config/reckon/crew/runs/r-20260822T122128731710-convergence-composition-study/../r-20260822T101928995343-same-tree-window-contraction/cpu-results.tsv
69ded008448592f0a298bed304964e9e75e4435b	gating_composition	landed_exhausted	shape_weight_0.25	3	source.boundary_pressure	0.24999999999999992	weighted_relative	GATING_FIELD	/home/ITER/mcintos/.config/reckon/crew/runs/r-20260822T122128731710-convergence-composition-study/../r-20260822T101928995343-same-tree-window-contraction/cpu-results.tsv
69ded008448592f0a298bed304964e9e75e4435b	gating_composition	landed_exhausted	shape_weight_0.25	4	source.boundary_pressure	0.12499999999999996	weighted_relative	GATING_FIELD	/home/ITER/mcintos/.config/reckon/crew/runs/r-20260822T122128731710-convergence-composition-study/../r-20260822T101928995343-same-tree-window-contraction/cpu-results.tsv
69ded008448592f0a298bed304964e9e75e4435b	gating_composition	landed_exhausted	shape_weight_0.25	5	source.boundary_pressure	0.062499999999999979	weighted_relative	GATING_FIELD	/home/ITER/mcintos/.config/reckon/crew/runs/r-20260822T122128731710-convergence-composition-study/../r-20260822T101928995343-same-tree-window-contraction/cpu-results.tsv
69ded008448592f0a298bed304964e9e75e4435b	gating_composition	landed_exhausted	shape_weight_0.25	6	geometry.delta_lower_face	0.039584862907759331	weighted_relative	GATING_FIELD	/home/ITER/mcintos/.config/reckon/crew/runs/r-20260822T122128731710-convergence-composition-study/../r-20260822T101928995343-same-tree-window-contraction/cpu-results.tsv
69ded008448592f0a298bed304964e9e75e4435b	gating_composition	landed_exhausted	shape_weight_0.25	7	geometry.delta_lower_face	0.025911043621334708	weighted_relative	GATING_FIELD	/home/ITER/mcintos/.config/reckon/crew/runs/r-20260822T122128731710-convergence-composition-study/../r-20260822T101928995343-same-tree-window-contraction/cpu-results.tsv
69ded008448592f0a298bed304964e9e75e4435b	gating_composition	landed_exhausted	shape_weight_0.25	8	geometry.delta_lower_face	0.016839864743804247	weighted_relative	GATING_FIELD	/home/ITER/mcintos/.config/reckon/crew/runs/r-20260822T122128731710-convergence-composition-study/../r-20260822T101928995343-same-tree-window-contraction/cpu-results.tsv
69ded008448592f0a298bed304964e9e75e4435b	gating_composition	landed_exhausted	shape_weight_0.25	9	geometry.delta_lower_face	0.01086328214542873	weighted_relative	GATING_FIELD	/home/ITER/mcintos/.config/reckon/crew/runs/r-20260822T122128731710-convergence-composition-study/../r-20260822T101928995343-same-tree-window-contraction/cpu-results.tsv
69ded008448592f0a298bed304964e9e75e4435b	gating_composition	landed_exhausted	shape_weight_0.25	10	geometry.delta_lower_face	0.0069593296780903749	weighted_relative	GATING_FIELD	/home/ITER/mcintos/.config/reckon/crew/runs/r-20260822T122128731710-convergence-composition-study/../r-20260822T101928995343-same-tree-window-contraction/cpu-results.tsv
69ded008448592f0a298bed304964e9e75e4435b	gating_composition	landed_exhausted	shape_weight_0.25		tolerance_iteration	none	iterations	MEASURED	/home/ITER/mcintos/.config/reckon/crew/runs/r-20260822T122128731710-convergence-composition-study/../r-20260822T101928995343-same-tree-window-contraction/cpu-results.tsv
69ded008448592f0a298bed304964e9e75e4435b	gating_composition	landed_exhausted	shape_weight_0.25		iterations_earlier	none	iterations	MEASURED	/home/ITER/mcintos/.config/reckon/crew/runs/r-20260822T122128731710-convergence-composition-study/../r-20260822T101928995343-same-tree-window-contraction/cpu-results.tsv
69ded008448592f0a298bed304964e9e75e4435b	gating_composition	landed_exhausted	shape_excluded_from_gate	1	source.boundary_pressure	1	weighted_relative	GATING_FIELD	/home/ITER/mcintos/.config/reckon/crew/runs/r-20260822T122128731710-convergence-composition-study/../r-20260822T101928995343-same-tree-window-contraction/cpu-results.tsv
69ded008448592f0a298bed304964e9e75e4435b	gating_composition	landed_exhausted	shape_excluded_from_gate	2	source.boundary_pressure	0.5	weighted_relative	GATING_FIELD	/home/ITER/mcintos/.config/reckon/crew/runs/r-20260822T122128731710-convergence-composition-study/../r-20260822T101928995343-same-tree-window-contraction/cpu-results.tsv
69ded008448592f0a298bed304964e9e75e4435b	gating_composition	landed_exhausted	shape_excluded_from_gate	3	source.boundary_pressure	0.24999999999999992	weighted_relative	GATING_FIELD	/home/ITER/mcintos/.config/reckon/crew/runs/r-20260822T122128731710-convergence-composition-study/../r-20260822T101928995343-same-tree-window-contraction/cpu-results.tsv
69ded008448592f0a298bed304964e9e75e4435b	gating_composition	landed_exhausted	shape_excluded_from_gate	4	source.boundary_pressure	0.12499999999999996	weighted_relative	GATING_FIELD	/home/ITER/mcintos/.config/reckon/crew/runs/r-20260822T122128731710-convergence-composition-study/../r-20260822T101928995343-same-tree-window-contraction/cpu-results.tsv
69ded008448592f0a298bed304964e9e75e4435b	gating_composition	landed_exhausted	shape_excluded_from_gate	5	source.boundary_pressure	0.062499999999999979	weighted_relative	GATING_FIELD	/home/ITER/mcintos/.config/reckon/crew/runs/r-20260822T122128731710-convergence-composition-study/../r-20260822T101928995343-same-tree-window-contraction/cpu-results.tsv
69ded008448592f0a298bed304964e9e75e4435b	gating_composition	landed_exhausted	shape_excluded_from_gate	6	source.boundary_pressure	0.031250000000000062	weighted_relative	GATING_FIELD	/home/ITER/mcintos/.config/reckon/crew/runs/r-20260822T122128731710-convergence-composition-study/../r-20260822T101928995343-same-tree-window-contraction/cpu-results.tsv
69ded008448592f0a298bed304964e9e75e4435b	gating_composition	landed_exhausted	shape_excluded_from_gate	7	source.boundary_pressure	0.015625000000000031	weighted_relative	GATING_FIELD	/home/ITER/mcintos/.config/reckon/crew/runs/r-20260822T122128731710-convergence-composition-study/../r-20260822T101928995343-same-tree-window-contraction/cpu-results.tsv
69ded008448592f0a298bed304964e9e75e4435b	gating_composition	landed_exhausted	shape_excluded_from_gate	8	source.boundary_pressure	0.0078125000000000156	weighted_relative	GATING_FIELD	/home/ITER/mcintos/.config/reckon/crew/runs/r-20260822T122128731710-convergence-composition-study/../r-20260822T101928995343-same-tree-window-contraction/cpu-results.tsv
69ded008448592f0a298bed304964e9e75e4435b	gating_composition	landed_exhausted	shape_excluded_from_gate	9	source.boundary_pressure	0.0039062500000000789	weighted_relative	GATING_FIELD	/home/ITER/mcintos/.config/reckon/crew/runs/r-20260822T122128731710-convergence-composition-study/../r-20260822T101928995343-same-tree-window-contraction/cpu-results.tsv
69ded008448592f0a298bed304964e9e75e4435b	gating_composition	landed_exhausted	shape_excluded_from_gate	10	source.boundary_pressure	0.0019531250000000395	weighted_relative	GATING_FIELD	/home/ITER/mcintos/.config/reckon/crew/runs/r-20260822T122128731710-convergence-composition-study/../r-20260822T101928995343-same-tree-window-contraction/cpu-results.tsv
69ded008448592f0a298bed304964e9e75e4435b	gating_composition	landed_exhausted	shape_excluded_from_gate		tolerance_iteration	9	iterations	MEASURED	/home/ITER/mcintos/.config/reckon/crew/runs/r-20260822T122128731710-convergence-composition-study/../r-20260822T101928995343-same-tree-window-contraction/cpu-results.tsv
69ded008448592f0a298bed304964e9e75e4435b	gating_composition	landed_exhausted	shape_excluded_from_gate		iterations_earlier	none	iterations	MEASURED	/home/ITER/mcintos/.config/reckon/crew/runs/r-20260822T122128731710-convergence-composition-study/../r-20260822T101928995343-same-tree-window-contraction/cpu-results.tsv
632e048259def61f89c54bdee637011d64e4231e	gating_composition	fresh_instrumented	all_fields	1	geometry.delta_lower_face	1.7437508268752859	weighted_relative	GATING_FIELD	/home/ITER/mcintos/.config/reckon/crew/runs/r-20260822T122128731710-convergence-composition-study/current-damping-0.5.tsv
632e048259def61f89c54bdee637011d64e4231e	gating_composition	fresh_instrumented	all_fields	2	geometry.delta_lower_face	0.91786089149618	weighted_relative	GATING_FIELD	/home/ITER/mcintos/.config/reckon/crew/runs/r-20260822T122128731710-convergence-composition-study/current-damping-0.5.tsv
632e048259def61f89c54bdee637011d64e4231e	gating_composition	fresh_instrumented	all_fields	3	geometry.delta_lower_face	0.56534643086755976	weighted_relative	GATING_FIELD	/home/ITER/mcintos/.config/reckon/crew/runs/r-20260822T122128731710-convergence-composition-study/current-damping-0.5.tsv
632e048259def61f89c54bdee637011d64e4231e	gating_composition	fresh_instrumented	all_fields	4	geometry.delta_lower_face	0.36610522239768434	weighted_relative	GATING_FIELD	/home/ITER/mcintos/.config/reckon/crew/runs/r-20260822T122128731710-convergence-composition-study/current-damping-0.5.tsv
632e048259def61f89c54bdee637011d64e4231e	gating_composition	fresh_instrumented	all_fields	5	geometry.delta_lower_face	0.24067272606521295	weighted_relative	GATING_FIELD	/home/ITER/mcintos/.config/reckon/crew/runs/r-20260822T122128731710-convergence-composition-study/current-damping-0.5.tsv
632e048259def61f89c54bdee637011d64e4231e	gating_composition	fresh_instrumented	all_fields	6	geometry.delta_lower_face	0.15833945163103733	weighted_relative	GATING_FIELD	/home/ITER/mcintos/.config/reckon/crew/runs/r-20260822T122128731710-convergence-composition-study/current-damping-0.5.tsv
632e048259def61f89c54bdee637011d64e4231e	gating_composition	fresh_instrumented	all_fields	7	geometry.delta_lower_face	0.10364417448533883	weighted_relative	GATING_FIELD	/home/ITER/mcintos/.config/reckon/crew/runs/r-20260822T122128731710-convergence-composition-study/current-damping-0.5.tsv
632e048259def61f89c54bdee637011d64e4231e	gating_composition	fresh_instrumented	all_fields	8	geometry.delta_lower_face	0.067359458975216988	weighted_relative	GATING_FIELD	/home/ITER/mcintos/.config/reckon/crew/runs/r-20260822T122128731710-convergence-composition-study/current-damping-0.5.tsv
632e048259def61f89c54bdee637011d64e4231e	gating_composition	fresh_instrumented	all_fields	9	geometry.delta_lower_face	0.04345312858171492	weighted_relative	GATING_FIELD	/home/ITER/mcintos/.config/reckon/crew/runs/r-20260822T122128731710-convergence-composition-study/current-damping-0.5.tsv
632e048259def61f89c54bdee637011d64e4231e	gating_composition	fresh_instrumented	all_fields	10	geometry.delta_lower_face	0.027837318712361499	weighted_relative	GATING_FIELD	/home/ITER/mcintos/.config/reckon/crew/runs/r-20260822T122128731710-convergence-composition-study/current-damping-0.5.tsv
632e048259def61f89c54bdee637011d64e4231e	gating_composition	fresh_instrumented	all_fields	11	geometry.delta_lower_face	0.017724267834376708	weighted_relative	GATING_FIELD	/home/ITER/mcintos/.config/reckon/crew/runs/r-20260822T122128731710-convergence-composition-study/current-damping-0.5.tsv
632e048259def61f89c54bdee637011d64e4231e	gating_composition	fresh_instrumented	all_fields	12	geometry.delta_lower_face	0.011226051901618033	weighted_relative	GATING_FIELD	/home/ITER/mcintos/.config/reckon/crew/runs/r-20260822T122128731710-convergence-composition-study/current-damping-0.5.tsv
632e048259def61f89c54bdee637011d64e4231e	gating_composition	fresh_instrumented	all_fields	13	geometry.delta_upper_face	0.0070789742129480013	weighted_relative	GATING_FIELD	/home/ITER/mcintos/.config/reckon/crew/runs/r-20260822T122128731710-convergence-composition-study/current-damping-0.5.tsv
632e048259def61f89c54bdee637011d64e4231e	gating_composition	fresh_instrumented	all_fields	14	geometry.delta_upper_face	0.0044476157928988042	weighted_relative	GATING_FIELD	/home/ITER/mcintos/.config/reckon/crew/runs/r-20260822T122128731710-convergence-composition-study/current-damping-0.5.tsv
632e048259def61f89c54bdee637011d64e4231e	gating_composition	fresh_instrumented	all_fields		tolerance_iteration	14	iterations	MEASURED	/home/ITER/mcintos/.config/reckon/crew/runs/r-20260822T122128731710-convergence-composition-study/current-damping-0.5.tsv
632e048259def61f89c54bdee637011d64e4231e	gating_composition	fresh_instrumented	shape_weight_0.25	1	source.boundary_pressure	1	weighted_relative	GATING_FIELD	/home/ITER/mcintos/.config/reckon/crew/runs/r-20260822T122128731710-convergence-composition-study/current-damping-0.5.tsv
632e048259def61f89c54bdee637011d64e4231e	gating_composition	fresh_instrumented	shape_weight_0.25	2	source.boundary_pressure	0.5	weighted_relative	GATING_FIELD	/home/ITER/mcintos/.config/reckon/crew/runs/r-20260822T122128731710-convergence-composition-study/current-damping-0.5.tsv
632e048259def61f89c54bdee637011d64e4231e	gating_composition	fresh_instrumented	shape_weight_0.25	3	source.boundary_pressure	0.24999999999999992	weighted_relative	GATING_FIELD	/home/ITER/mcintos/.config/reckon/crew/runs/r-20260822T122128731710-convergence-composition-study/current-damping-0.5.tsv
632e048259def61f89c54bdee637011d64e4231e	gating_composition	fresh_instrumented	shape_weight_0.25	4	source.boundary_pressure	0.12499999999999996	weighted_relative	GATING_FIELD	/home/ITER/mcintos/.config/reckon/crew/runs/r-20260822T122128731710-convergence-composition-study/current-damping-0.5.tsv
632e048259def61f89c54bdee637011d64e4231e	gating_composition	fresh_instrumented	shape_weight_0.25	5	source.boundary_pressure	0.062499999999999979	weighted_relative	GATING_FIELD	/home/ITER/mcintos/.config/reckon/crew/runs/r-20260822T122128731710-convergence-composition-study/current-damping-0.5.tsv
632e048259def61f89c54bdee637011d64e4231e	gating_composition	fresh_instrumented	shape_weight_0.25	6	geometry.delta_lower_face	0.039584862907759331	weighted_relative	GATING_FIELD	/home/ITER/mcintos/.config/reckon/crew/runs/r-20260822T122128731710-convergence-composition-study/current-damping-0.5.tsv
632e048259def61f89c54bdee637011d64e4231e	gating_composition	fresh_instrumented	shape_weight_0.25	7	geometry.delta_lower_face	0.025911043621334708	weighted_relative	GATING_FIELD	/home/ITER/mcintos/.config/reckon/crew/runs/r-20260822T122128731710-convergence-composition-study/current-damping-0.5.tsv
632e048259def61f89c54bdee637011d64e4231e	gating_composition	fresh_instrumented	shape_weight_0.25	8	geometry.delta_lower_face	0.016839864743804247	weighted_relative	GATING_FIELD	/home/ITER/mcintos/.config/reckon/crew/runs/r-20260822T122128731710-convergence-composition-study/current-damping-0.5.tsv
632e048259def61f89c54bdee637011d64e4231e	gating_composition	fresh_instrumented	shape_weight_0.25	9	geometry.delta_lower_face	0.01086328214542873	weighted_relative	GATING_FIELD	/home/ITER/mcintos/.config/reckon/crew/runs/r-20260822T122128731710-convergence-composition-study/current-damping-0.5.tsv
632e048259def61f89c54bdee637011d64e4231e	gating_composition	fresh_instrumented	shape_weight_0.25	10	geometry.delta_lower_face	0.0069593296780903749	weighted_relative	GATING_FIELD	/home/ITER/mcintos/.config/reckon/crew/runs/r-20260822T122128731710-convergence-composition-study/current-damping-0.5.tsv
632e048259def61f89c54bdee637011d64e4231e	gating_composition	fresh_instrumented	shape_weight_0.25	11	geometry.delta_lower_face	0.0044310669585941771	weighted_relative	GATING_FIELD	/home/ITER/mcintos/.config/reckon/crew/runs/r-20260822T122128731710-convergence-composition-study/current-damping-0.5.tsv
632e048259def61f89c54bdee637011d64e4231e	gating_composition	fresh_instrumented	shape_weight_0.25	12	geometry.delta_lower_face	0.0028065129754045082	weighted_relative	GATING_FIELD	/home/ITER/mcintos/.config/reckon/crew/runs/r-20260822T122128731710-convergence-composition-study/current-damping-0.5.tsv
632e048259def61f89c54bdee637011d64e4231e	gating_composition	fresh_instrumented	shape_weight_0.25	13	geometry.delta_upper_face	0.0017697435532370003	weighted_relative	GATING_FIELD	/home/ITER/mcintos/.config/reckon/crew/runs/r-20260822T122128731710-convergence-composition-study/current-damping-0.5.tsv
632e048259def61f89c54bdee637011d64e4231e	gating_composition	fresh_instrumented	shape_weight_0.25	14	geometry.delta_upper_face	0.001111903948224701	weighted_relative	GATING_FIELD	/home/ITER/mcintos/.config/reckon/crew/runs/r-20260822T122128731710-convergence-composition-study/current-damping-0.5.tsv
632e048259def61f89c54bdee637011d64e4231e	gating_composition	fresh_instrumented	shape_weight_0.25		tolerance_iteration	11	iterations	MEASURED	/home/ITER/mcintos/.config/reckon/crew/runs/r-20260822T122128731710-convergence-composition-study/current-damping-0.5.tsv
632e048259def61f89c54bdee637011d64e4231e	gating_composition	fresh_instrumented	shape_weight_0.25		iterations_earlier	3	iterations	MEASURED	/home/ITER/mcintos/.config/reckon/crew/runs/r-20260822T122128731710-convergence-composition-study/current-damping-0.5.tsv
632e048259def61f89c54bdee637011d64e4231e	gating_composition	fresh_instrumented	shape_excluded_from_gate	1	source.boundary_pressure	1	weighted_relative	GATING_FIELD	/home/ITER/mcintos/.config/reckon/crew/runs/r-20260822T122128731710-convergence-composition-study/current-damping-0.5.tsv
632e048259def61f89c54bdee637011d64e4231e	gating_composition	fresh_instrumented	shape_excluded_from_gate	2	source.boundary_pressure	0.5	weighted_relative	GATING_FIELD	/home/ITER/mcintos/.config/reckon/crew/runs/r-20260822T122128731710-convergence-composition-study/current-damping-0.5.tsv
632e048259def61f89c54bdee637011d64e4231e	gating_composition	fresh_instrumented	shape_excluded_from_gate	3	source.boundary_pressure	0.24999999999999992	weighted_relative	GATING_FIELD	/home/ITER/mcintos/.config/reckon/crew/runs/r-20260822T122128731710-convergence-composition-study/current-damping-0.5.tsv
632e048259def61f89c54bdee637011d64e4231e	gating_composition	fresh_instrumented	shape_excluded_from_gate	4	source.boundary_pressure	0.12499999999999996	weighted_relative	GATING_FIELD	/home/ITER/mcintos/.config/reckon/crew/runs/r-20260822T122128731710-convergence-composition-study/current-damping-0.5.tsv
632e048259def61f89c54bdee637011d64e4231e	gating_composition	fresh_instrumented	shape_excluded_from_gate	5	source.boundary_pressure	0.062499999999999979	weighted_relative	GATING_FIELD	/home/ITER/mcintos/.config/reckon/crew/runs/r-20260822T122128731710-convergence-composition-study/current-damping-0.5.tsv
632e048259def61f89c54bdee637011d64e4231e	gating_composition	fresh_instrumented	shape_excluded_from_gate	6	source.boundary_pressure	0.031250000000000062	weighted_relative	GATING_FIELD	/home/ITER/mcintos/.config/reckon/crew/runs/r-20260822T122128731710-convergence-composition-study/current-damping-0.5.tsv
632e048259def61f89c54bdee637011d64e4231e	gating_composition	fresh_instrumented	shape_excluded_from_gate	7	source.boundary_pressure	0.015625000000000031	weighted_relative	GATING_FIELD	/home/ITER/mcintos/.config/reckon/crew/runs/r-20260822T122128731710-convergence-composition-study/current-damping-0.5.tsv
632e048259def61f89c54bdee637011d64e4231e	gating_composition	fresh_instrumented	shape_excluded_from_gate	8	source.boundary_pressure	0.0078125000000000156	weighted_relative	GATING_FIELD	/home/ITER/mcintos/.config/reckon/crew/runs/r-20260822T122128731710-convergence-composition-study/current-damping-0.5.tsv
632e048259def61f89c54bdee637011d64e4231e	gating_composition	fresh_instrumented	shape_excluded_from_gate	9	source.boundary_pressure	0.0039062500000000789	weighted_relative	GATING_FIELD	/home/ITER/mcintos/.config/reckon/crew/runs/r-20260822T122128731710-convergence-composition-study/current-damping-0.5.tsv
632e048259def61f89c54bdee637011d64e4231e	gating_composition	fresh_instrumented	shape_excluded_from_gate	10	source.boundary_pressure	0.0019531250000000395	weighted_relative	GATING_FIELD	/home/ITER/mcintos/.config/reckon/crew/runs/r-20260822T122128731710-convergence-composition-study/current-damping-0.5.tsv
632e048259def61f89c54bdee637011d64e4231e	gating_composition	fresh_instrumented	shape_excluded_from_gate	11	source.boundary_pressure	0.00097656250000009064	weighted_relative	GATING_FIELD	/home/ITER/mcintos/.config/reckon/crew/runs/r-20260822T122128731710-convergence-composition-study/current-damping-0.5.tsv
632e048259def61f89c54bdee637011d64e4231e	gating_composition	fresh_instrumented	shape_excluded_from_gate	12	source.boundary_pressure	0.00048828125000004532	weighted_relative	GATING_FIELD	/home/ITER/mcintos/.config/reckon/crew/runs/r-20260822T122128731710-convergence-composition-study/current-damping-0.5.tsv
632e048259def61f89c54bdee637011d64e4231e	gating_composition	fresh_instrumented	shape_excluded_from_gate	13	source.phi_boundary	0.00028326438996397526	weighted_relative	GATING_FIELD	/home/ITER/mcintos/.config/reckon/crew/runs/r-20260822T122128731710-convergence-composition-study/current-damping-0.5.tsv
632e048259def61f89c54bdee637011d64e4231e	gating_composition	fresh_instrumented	shape_excluded_from_gate	14	source.phi_boundary	0.00017757883562106327	weighted_relative	GATING_FIELD	/home/ITER/mcintos/.config/reckon/crew/runs/r-20260822T122128731710-convergence-composition-study/current-damping-0.5.tsv
632e048259def61f89c54bdee637011d64e4231e	gating_composition	fresh_instrumented	shape_excluded_from_gate		tolerance_iteration	9	iterations	MEASURED	/home/ITER/mcintos/.config/reckon/crew/runs/r-20260822T122128731710-convergence-composition-study/current-damping-0.5.tsv
632e048259def61f89c54bdee637011d64e4231e	gating_composition	fresh_instrumented	shape_excluded_from_gate		iterations_earlier	5	iterations	MEASURED	/home/ITER/mcintos/.config/reckon/crew/runs/r-20260822T122128731710-convergence-composition-study/current-damping-0.5.tsv
