window	coupling	damping	tolerance	iteration	maximum_residual	iteration_cap_one	iterations_used	contraction_estimate
weak coupling	0.002	1	1.00000000000000004e-10	1	1.00000000000000000e+00	true	5	2.00002774860479939e-03
weak coupling	0.002	1	1.00000000000000004e-10	2	1.99600798403198453e-03	false	5	2.00002774860479939e-03
weak coupling	0.002	1	1.00000000000000004e-10	3	3.99200003182919260e-06	false	5	2.00002774860479939e-03
weak coupling	0.002	1	1.00000000000000004e-10	4	7.98399999592532044e-09	false	5	2.00002774860479939e-03
weak coupling	0.002	1	1.00000000000000004e-10	5	1.59682215367112466e-11	false	5	2.00002774860479939e-03
strong coupling	0.80000000000000004	0.80000000000000004	1.00000000000000004e-10	1	1.00000000000000000e+00	true	124	8.40001413176499345e-01
strong coupling	0.80000000000000004	0.80000000000000004	1.00000000000000004e-10	2	5.12195121951219523e-01	false	124	8.40001413176499345e-01
strong coupling	0.80000000000000004	0.80000000000000004	1.00000000000000004e-10	3	3.24026451138868521e-01	false	124	8.40001413176499345e-01
strong coupling	0.80000000000000004	0.80000000000000004	1.00000000000000004e-10	4	2.25432681775029786e-01	false	124	8.40001413176499345e-01
strong coupling	0.80000000000000004	0.80000000000000004	1.00000000000000004e-10	5	1.65487435766307200e-01	false	124	8.40001413176499345e-01
strong coupling	0.80000000000000004	0.80000000000000004	1.00000000000000004e-10	6	1.25696665929145496e-01	false	124	8.40001413176499345e-01
strong coupling	0.80000000000000004	0.80000000000000004	1.00000000000000004e-10	7	9.77237293269998947e-02	false	124	8.40001413176499345e-01
strong coupling	0.80000000000000004	0.80000000000000004	1.00000000000000004e-10	8	7.72560905352682320e-02	false	124	8.40001413176499345e-01
strong coupling	0.80000000000000004	0.80000000000000004	1.00000000000000004e-10	9	6.18376229323470555e-02	false	124	8.40001413176499345e-01
strong coupling	0.80000000000000004	0.80000000000000004	1.00000000000000004e-10	10	4.99661393991401789e-02	false	124	8.40001413176499345e-01
strong coupling	0.80000000000000004	0.80000000000000004	1.00000000000000004e-10	11	4.06709675068334456e-02	false	124	8.40001413176499345e-01
strong coupling	0.80000000000000004	0.80000000000000004	1.00000000000000004e-10	12	3.32969133889279012e-02	false	124	8.40001413176499345e-01
strong coupling	0.80000000000000004	0.80000000000000004	1.00000000000000004e-10	13	2.73858148592099580e-02	false	124	8.40001413176499345e-01
strong coupling	0.80000000000000004	0.80000000000000004	1.00000000000000004e-10	14	2.26078386678958201e-02	false	124	8.40001413176499345e-01
strong coupling	0.80000000000000004	0.80000000000000004	1.00000000000000004e-10	15	1.87197284170584587e-02	false	124	8.40001413176499345e-01
strong coupling	0.80000000000000004	0.80000000000000004	1.00000000000000004e-10	16	1.55384119650373801e-02	false	124	8.40001413176499345e-01
strong coupling	0.80000000000000004	0.80000000000000004	1.00000000000000004e-10	17	1.29237447894035417e-02	false	124	8.40001413176499345e-01
strong coupling	0.80000000000000004	0.80000000000000004	1.00000000000000004e-10	18	1.07668905538552094e-02	false	124	8.40001413176499345e-01
strong coupling	0.80000000000000004	0.80000000000000004	1.00000000000000004e-10	19	8.98229279264886778e-03	false	124	8.40001413176499345e-01
strong coupling	0.80000000000000004	0.80000000000000004	1.00000000000000004e-10	20	7.50199944626869092e-03	false	124	8.40001413176499345e-01
strong coupling	0.80000000000000004	0.80000000000000004	1.00000000000000004e-10	21	6.27156798316197157e-03	false	124	8.40001413176499345e-01
strong coupling	0.80000000000000004	0.80000000000000004	1.00000000000000004e-10	22	5.24705645225492703e-03	false	124	8.40001413176499345e-01
strong coupling	0.80000000000000004	0.80000000000000004	1.00000000000000004e-10	23	4.39277596806284237e-03	false	124	8.40001413176499345e-01
strong coupling	0.80000000000000004	0.80000000000000004	1.00000000000000004e-10	24	3.67958710800766250e-03	false	124	8.40001413176499345e-01
strong coupling	0.80000000000000004	0.80000000000000004	1.00000000000000004e-10	25	3.08359151084185721e-03	false	124	8.40001413176499345e-01
strong coupling	0.80000000000000004	0.80000000000000004	1.00000000000000004e-10	26	2.58511514806731516e-03	false	124	8.40001413176499345e-01
strong coupling	0.80000000000000004	0.80000000000000004	1.00000000000000004e-10	27	2.16790997435123553e-03	false	124	8.40001413176499345e-01
strong coupling	0.80000000000000004	0.80000000000000004	1.00000000000000004e-10	28	1.81852124862882480e-03	false	124	8.40001413176499345e-01
strong coupling	0.80000000000000004	0.80000000000000004	1.00000000000000004e-10	29	1.52578206190400541e-03	false	124	8.40001413176499345e-01
strong coupling	0.80000000000000004	0.80000000000000004	1.00000000000000004e-10	30	1.28040661427505031e-03	false	124	8.40001413176499345e-01
strong coupling	0.80000000000000004	0.80000000000000004	1.00000000000000004e-10	31	1.07466091410782531e-03	false	124	8.40001413176499345e-01
strong coupling	0.80000000000000004	0.80000000000000004	1.00000000000000004e-10	32	9.02094722449739341e-04	false	124	8.40001413176499345e-01
strong coupling	0.80000000000000004	0.80000000000000004	1.00000000000000004e-10	33	7.57322333910179397e-04	false	124	8.40001413176499345e-01
strong coupling	0.80000000000000004	0.80000000000000004	1.00000000000000004e-10	34	6.35842576302935347e-04	false	124	8.40001413176499345e-01
strong coupling	0.80000000000000004	0.80000000000000004	1.00000000000000004e-10	35	5.33890503094040900e-04	false	124	8.40001413176499345e-01
strong coupling	0.80000000000000004	0.80000000000000004	1.00000000000000004e-10	36	4.48314837936997137e-04	false	124	8.40001413176499345e-01
strong coupling	0.80000000000000004	0.80000000000000004	1.00000000000000004e-10	37	3.76476444682348715e-04	false	124	8.40001413176499345e-01
strong coupling	0.80000000000000004	0.80000000000000004	1.00000000000000004e-10	38	3.16164035413457340e-04	false	124	8.40001413176499345e-01
strong coupling	0.80000000000000004	0.80000000000000004	1.00000000000000004e-10	39	2.65524062285580828e-04	false	124	8.40001413176499345e-01
strong coupling	0.80000000000000004	0.80000000000000004	1.00000000000000004e-10	40	2.23002316332127272e-04	false	124	8.40001413176499345e-01
strong coupling	0.80000000000000004	0.80000000000000004	1.00000000000000004e-10	41	1.87295214668200779e-04	false	124	8.40001413176499345e-01
strong coupling	0.80000000000000004	0.80000000000000004	1.00000000000000004e-10	42	1.57309123843851198e-04	false	124	8.40001413176499345e-01
strong coupling	0.80000000000000004	0.80000000000000004	1.00000000000000004e-10	43	1.32126361832140925e-04	false	124	8.40001413176499345e-01
strong coupling	0.80000000000000004	0.80000000000000004	1.00000000000000004e-10	44	1.10976759647422307e-04	false	124	8.40001413176499345e-01
strong coupling	0.80000000000000004	0.80000000000000004	1.00000000000000004e-10	45	9.32138575780478579e-05	false	124	8.40001413176499345e-01
strong coupling	0.80000000000000004	0.80000000000000004	1.00000000000000004e-10	46	7.82949695326552698e-05	false	124	8.40001413176499345e-01
strong coupling	0.80000000000000004	0.80000000000000004	1.00000000000000004e-10	47	6.57644790297547626e-05	false	124	8.40001413176499345e-01
strong coupling	0.80000000000000004	0.80000000000000004	1.00000000000000004e-10	48	5.52398373805768097e-05	false	124	8.40001413176499345e-01
strong coupling	0.80000000000000004	0.80000000000000004	1.00000000000000004e-10	49	4.63998230038243728e-05	false	124	8.40001413176499345e-01
strong coupling	0.80000000000000004	0.80000000000000004	1.00000000000000004e-10	50	3.89746939351740766e-05	false	124	8.40001413176499345e-01
strong coupling	0.80000000000000004	0.80000000000000004	1.00000000000000004e-10	51	3.27379262971325323e-05	false	124	8.40001413176499345e-01
strong coupling	0.80000000000000004	0.80000000000000004	1.00000000000000004e-10	52	2.74992819171694953e-05	false	124	8.40001413176499345e-01
strong coupling	0.80000000000000004	0.80000000000000004	1.00000000000000004e-10	53	2.30989902786670223e-05	false	124	8.40001413176499345e-01
strong coupling	0.80000000000000004	0.80000000000000004	1.00000000000000004e-10	54	1.94028649947711312e-05	false	124	8.40001413176499345e-01
strong coupling	0.80000000000000004	0.80000000000000004	1.00000000000000004e-10	55	1.62982042072421860e-05	false	124	8.40001413176499345e-01
strong coupling	0.80000000000000004	0.80000000000000004	1.00000000000000004e-10	56	1.36903487320510314e-05	false	124	8.40001413176499345e-01
strong coupling	0.80000000000000004	0.80000000000000004	1.00000000000000004e-10	57	1.14997921757433659e-05	false	124	8.40001413176499345e-01
strong coupling	0.80000000000000004	0.80000000000000004	1.00000000000000004e-10	58	9.65975433308182812e-06	false	124	8.40001413176499345e-01
strong coupling	0.80000000000000004	0.80000000000000004	1.00000000000000004e-10	59	8.11414347619719150e-06	false	124	8.40001413176499345e-01
strong coupling	0.80000000000000004	0.80000000000000004	1.00000000000000004e-10	60	6.81584512507082056e-06	false	124	8.40001413176499345e-01
strong coupling	0.80000000000000004	0.80000000000000004	1.00000000000000004e-10	61	5.72528493059557197e-06	false	124	8.40001413176499345e-01
strong coupling	0.80000000000000004	0.80000000000000004	1.00000000000000004e-10	62	4.80922171964750180e-06	false	124	8.40001413176499345e-01
strong coupling	0.80000000000000004	0.80000000000000004	1.00000000000000004e-10	63	4.03973381064837840e-06	false	124	8.40001413176499345e-01
strong coupling	0.80000000000000004	0.80000000000000004	1.00000000000000004e-10	64	3.39336762766248477e-06	false	124	8.40001413176499345e-01
strong coupling	0.80000000000000004	0.80000000000000004	1.00000000000000004e-10	65	2.85042261686940535e-06	false	124	8.40001413176499345e-01
strong coupling	0.80000000000000004	0.80000000000000004	1.00000000000000004e-10	66	2.39435063021381711e-06	false	124	8.40001413176499345e-01
strong coupling	0.80000000000000004	0.80000000000000004	1.00000000000000004e-10	67	2.01125144728487949e-06	false	124	8.40001413176499345e-01
strong coupling	0.80000000000000004	0.80000000000000004	1.00000000000000004e-10	68	1.68944904133870623e-06	false	124	8.40001413176499345e-01
strong coupling	0.80000000000000004	0.80000000000000004	1.00000000000000004e-10	69	1.41913566014568042e-06	false	124	8.40001413176499345e-01
strong coupling	0.80000000000000004	0.80000000000000004	1.00000000000000004e-10	70	1.19207287184018441e-06	false	124	8.40001413176499345e-01
strong coupling	0.80000000000000004	0.80000000000000004	1.00000000000000004e-10	71	1.00134044848171868e-06	false	124	8.40001413176499345e-01
strong coupling	0.80000000000000004	0.80000000000000004	1.00000000000000004e-10	72	8.41125437611718439e-07	false	124	8.40001413176499345e-01
strong coupling	0.80000000000000004	0.80000000000000004	1.00000000000000004e-10	73	7.06544987331613462e-07	false	124	8.40001413176499345e-01
strong coupling	0.80000000000000004	0.80000000000000004	1.00000000000000004e-10	74	5.93497520765359613e-07	false	124	8.40001413176499345e-01
strong coupling	0.80000000000000004	0.80000000000000004	1.00000000000000004e-10	75	4.98537728185704066e-07	false	124	8.40001413176499345e-01
strong coupling	0.80000000000000004	0.80000000000000004	1.00000000000000004e-10	76	4.18771558024586479e-07	false	124	8.40001413176499345e-01
strong coupling	0.80000000000000004	0.80000000000000004	1.00000000000000004e-10	77	3.51768014630725430e-07	false	124	8.40001413176499345e-01
strong coupling	0.80000000000000004	0.80000000000000004	1.00000000000000004e-10	78	2.95485065762363798e-07	false	124	8.40001413176499345e-01
strong coupling	0.80000000000000004	0.80000000000000004	1.00000000000000004e-10	79	2.48207408273351129e-07	false	124	8.40001413176499345e-01
strong coupling	0.80000000000000004	0.80000000000000004	1.00000000000000004e-10	80	2.08494189708948986e-07	false	124	8.40001413176499345e-01
strong coupling	0.80000000000000004	0.80000000000000004	1.00000000000000004e-10	81	1.75135096101604451e-07	false	124	8.40001413176499345e-01
strong coupling	0.80000000000000004	0.80000000000000004	1.00000000000000004e-10	82	1.47113464049402552e-07	false	124	8.40001413176499345e-01
strong coupling	0.80000000000000004	0.80000000000000004	1.00000000000000004e-10	83	1.23575298237614727e-07	false	124	8.40001413176499345e-01
strong coupling	0.80000000000000004	0.80000000000000004	1.00000000000000004e-10	84	1.03803242469857895e-07	false	124	8.40001413176499345e-01
strong coupling	0.80000000000000004	0.80000000000000004	1.00000000000000004e-10	85	8.71947178819801900e-08	false	124	8.40001413176499345e-01
strong coupling	0.80000000000000004	0.80000000000000004	1.00000000000000004e-10	86	7.32435588047485219e-08	false	124	8.40001413176499345e-01
strong coupling	0.80000000000000004	0.80000000000000004	1.00000000000000004e-10	87	6.15245865785831629e-08	false	124	8.40001413176499345e-01
strong coupling	0.80000000000000004	0.80000000000000004	1.00000000000000004e-10	88	5.16806505622603436e-08	false	124	8.40001413176499345e-01
strong coupling	0.80000000000000004	0.80000000000000004	1.00000000000000004e-10	89	4.34117452096232837e-08	false	124	8.40001413176499345e-01
strong coupling	0.80000000000000004	0.80000000000000004	1.00000000000000004e-10	90	3.64658648732275537e-08	false	124	8.40001413176499345e-01
strong coupling	0.80000000000000004	0.80000000000000004	1.00000000000000004e-10	91	3.06313257875143434e-08	false	124	8.40001413176499345e-01
strong coupling	0.80000000000000004	0.80000000000000004	1.00000000000000004e-10	92	2.57303131526528534e-08	false	124	8.40001413176499345e-01
strong coupling	0.80000000000000004	0.80000000000000004	1.00000000000000004e-10	93	2.16134627784641625e-08	false	124	8.40001413176499345e-01
strong coupling	0.80000000000000004	0.80000000000000004	1.00000000000000004e-10	94	1.81553084650109154e-08	false	124	8.40001413176499345e-01
strong coupling	0.80000000000000004	0.80000000000000004	1.00000000000000004e-10	95	1.52504588934399978e-08	false	124	8.40001413176499345e-01
strong coupling	0.80000000000000004	0.80000000000000004	1.00000000000000004e-10	96	1.28103855204276296e-08	false	124	8.40001413176499345e-01
strong coupling	0.80000000000000004	0.80000000000000004	1.00000000000000004e-10	97	1.07607236645588833e-08	false	124	8.40001413176499345e-01
strong coupling	0.80000000000000004	0.80000000000000004	1.00000000000000004e-10	98	9.03900775824745465e-09	false	124	8.40001413176499345e-01
strong coupling	0.80000000000000004	0.80000000000000004	1.00000000000000004e-10	99	7.59276646856308246e-09	false	124	8.40001413176499345e-01
strong coupling	0.80000000000000004	0.80000000000000004	1.00000000000000004e-10	100	6.37792395181427080e-09	false	124	8.40001413176499345e-01
strong coupling	0.80000000000000004	0.80000000000000004	1.00000000000000004e-10	101	5.35745610476096894e-09	false	124	8.40001413176499345e-01
strong coupling	0.80000000000000004	0.80000000000000004	1.00000000000000004e-10	102	4.50026291006415599e-09	false	124	8.40001413176499345e-01
strong coupling	0.80000000000000004	0.80000000000000004	1.00000000000000004e-10	103	3.78022097123387593e-09	false	124	8.40001413176499345e-01
strong coupling	0.80000000000000004	0.80000000000000004	1.00000000000000004e-10	104	3.17538555042251596e-09	false	124	8.40001413176499345e-01
strong coupling	0.80000000000000004	0.80000000000000004	1.00000000000000004e-10	105	2.66732394575209572e-09	false	124	8.40001413176499345e-01
strong coupling	0.80000000000000004	0.80000000000000004	1.00000000000000004e-10	106	2.24055211948872712e-09	false	124	8.40001413176499345e-01
strong coupling	0.80000000000000004	0.80000000000000004	1.00000000000000004e-10	107	1.88206385227872666e-09	false	124	8.40001413176499345e-01
strong coupling	0.80000000000000004	0.80000000000000004	1.00000000000000004e-10	108	1.58093350522399125e-09	false	124	8.40001413176499345e-01
strong coupling	0.80000000000000004	0.80000000000000004	1.00000000000000004e-10	109	1.32798417413074659e-09	false	124	8.40001413176499345e-01
strong coupling	0.80000000000000004	0.80000000000000004	1.00000000000000004e-10	110	1.11550669199907070e-09	false	124	8.40001413176499345e-01
strong coupling	0.80000000000000004	0.80000000000000004	1.00000000000000004e-10	111	9.37025749396125385e-10	false	124	8.40001413176499345e-01
strong coupling	0.80000000000000004	0.80000000000000004	1.00000000000000004e-10	112	7.87101408752474506e-10	false	124	8.40001413176499345e-01
strong coupling	0.80000000000000004	0.80000000000000004	1.00000000000000004e-10	113	6.61165346443849599e-10	false	124	8.40001413176499345e-01
strong coupling	0.80000000000000004	0.80000000000000004	1.00000000000000004e-10	114	5.55378855250690595e-10	false	124	8.40001413176499345e-01
strong coupling	0.80000000000000004	0.80000000000000004	1.00000000000000004e-10	115	4.66518269331004449e-10	false	124	8.40001413176499345e-01
strong coupling	0.80000000000000004	0.80000000000000004	1.00000000000000004e-10	116	3.91875332798364550e-10	false	124	8.40001413176499345e-01
strong coupling	0.80000000000000004	0.80000000000000004	1.00000000000000004e-10	117	3.29175243052753774e-10	false	124	8.40001413176499345e-01
strong coupling	0.80000000000000004	0.80000000000000004	1.00000000000000004e-10	118	2.76507372859960661e-10	false	124	8.40001413176499345e-01
strong coupling	0.80000000000000004	0.80000000000000004	1.00000000000000004e-10	119	2.32266117666098346e-10	false	124	8.40001413176499345e-01
strong coupling	0.80000000000000004	0.80000000000000004	1.00000000000000004e-10	120	1.95103489072528871e-10	false	124	8.40001413176499345e-01
strong coupling	0.80000000000000004	0.80000000000000004	1.00000000000000004e-10	121	1.63887037381870726e-10	false	124	8.40001413176499345e-01
strong coupling	0.80000000000000004	0.80000000000000004	1.00000000000000004e-10	122	1.37664879571764376e-10	false	124	8.40001413176499345e-01
strong coupling	0.80000000000000004	0.80000000000000004	1.00000000000000004e-10	123	1.15638521034554197e-10	false	124	8.40001413176499345e-01
strong coupling	0.80000000000000004	0.80000000000000004	1.00000000000000004e-10	124	9.71365210866658728e-11	false	124	8.40001413176499345e-01
