manifest_row,time_s,converged,qualified,candidate_node,candidate_node_r_m,candidate_node_z_m,sampled_flux_wb,fitted_anchor_r_m,fitted_anchor_z_m,fitted_anchor_flux_wb,quadratic_curvature,stationary_coordinate_m,bracket_length_m,tangent_at_wall_node,contour_closed,inside_vertex_count,boundary_vertex_count,containment_fraction,enclosed_area_m2,enclosed_area_ratio,trace_error,selected_by_public_read,selected_by_private_read,nearest_fully_contained_ratio_one,maximum_containment_candidate,public_contour_closed,selected_anchor_candidate_contour_closed,selected_anchor_candidate_containment_fraction,nearest_fully_contained_candidate_node,nearest_fully_contained_candidate_ratio,maximum_containment_fraction,maximum_containment_candidate_node
15,0.029999999329447746,True,False,0,1.899999976158142,0.4050000011920929,-0.026679305511181015,,,,,,,,False,,,,,,the centred bracket contains duplicate coordinates,False,False,False,False,True,True,1.0,25,0.42294861722657623,1.0,10
15,0.029999999329447746,True,False,1,1.5551042556762695,0.4050000011920929,0.00647091691129878,1.5551042556762695,0.4558341092577278,0.007027109770921195,-0.21523604015706746,0.3957298285475075,0.7623959481716156,True,False,,,,,,SurfaceGeometryError: a requested surface does not close inside the lattice; the boundary flux does not bound this map,False,False,False,False,True,True,1.0,25,0.42294861722657623,1.0,10
15,0.029999999329447746,True,False,2,1.5551042556762695,0.8225002288818359,-0.021910093727414662,1.5551042556762695,0.6593996762971652,-0.041716943204190636,0.7445682898813897,0.25439967510507233,0.5646738708019257,False,False,,,,,,SurfaceGeometryError: a requested surface does not close inside the lattice; the boundary flux does not bound this map,False,False,False,False,True,True,1.0,25,0.42294861722657623,1.0,10
15,0.029999999329447746,True,False,3,1.407930612564087,0.8225002288818359,0.02996270303357851,1.407930612564087,0.8333327748409446,0.030207664974457604,-2.0875531123681177,0.1580061890712913,0.3576737642288208,True,False,,,,,,SurfaceGeometryError: a requested surface does not close inside the lattice; the boundary flux does not bound this map,False,False,False,False,True,True,1.0,25,0.42294861722657623,1.0,10
15,0.029999999329447746,True,False,4,1.407930612564087,1.0330003499984741,-0.053017108402176286,1.3961462089036865,1.0330003499984741,-0.05325098757395716,1.684132770457189,0.22228452477703867,0.5784996747970581,False,False,,,,,,SurfaceGeometryError: a requested surface does not close inside the lattice; the boundary flux does not bound this map,False,False,False,False,True,True,1.0,25,0.42294861722657623,1.0,10
15,0.029999999329447746,True,False,5,1.039931058883667,1.0330003499984741,0.1604473281143084,1.039931058883667,1.0867028868303223,0.1639662079614762,-1.2201545246579744,0.4217020905122682,0.5299992561340332,True,False,,,,,,SurfaceGeometryError: a requested surface does not close inside the lattice; the boundary flux does not bound this map,False,False,False,False,True,True,1.0,25,0.42294861722657623,1.0,10
15,0.029999999329447746,True,False,6,1.039931058883667,1.1950000524520874,0.14965589883394229,1.039931058883667,1.0330003499984741,0.16418920511805168,-0.13436925987490692,-0.16687634978097687,1.0220686197280884,False,False,,,,,,SurfaceGeometryError: a requested surface does not close inside the lattice; the boundary flux does not bound this map,False,False,False,False,True,True,1.0,25,0.42294861722657623,1.0,10
15,0.029999999329447746,True,False,7,1.899999976158142,1.1950000524520874,-0.02575385583020899,1.899999976158142,1.2477057205023945,-0.026340658035930775,0.21124045427269433,0.9127745853247823,1.4900689125061035,False,False,,,,,,SurfaceGeometryError: a requested surface does not close inside the lattice; the boundary flux does not bound this map,False,False,False,False,True,True,1.0,25,0.42294861722657623,1.0,10
15,0.029999999329447746,True,False,8,1.899999976158142,1.8250000476837158,0.04405918203790463,1.899999976158142,1.1950000524520874,-0.14312932447653479,0.020431678948326336,-2.3968267431380705,1.96506929397583,False,False,,,,,,SurfaceGeometryError: a requested surface does not close inside the lattice; the boundary flux does not bound this map,False,False,False,False,True,True,1.0,25,0.42294861722657623,1.0,10
15,0.029999999329447746,True,False,9,0.5649306774139404,1.8250000476837158,0.24560659912279542,1.499983163580424,1.8250000476837158,-0.0010897184267764093,0.2821569084810224,0.4000168125777181,1.4319877624511719,False,False,,,,,,SurfaceGeometryError: a requested surface does not close inside the lattice; the boundary flux does not bound this map,False,False,False,False,True,True,1.0,25,0.42294861722657623,1.0,10
15,0.029999999329447746,True,False,10,0.5649306774139404,1.7280815839767456,0.2993972431332273,0.6052100137479712,1.7280815839767456,0.30447091553781636,-3.127215499183751,0.137197800041001,0.315487802028656,True,True,64,64,1.0,0.03177839995637763,0.04184576142540353,,True,True,False,True,True,True,1.0,25,0.42294861722657623,1.0,10
15,0.029999999329447746,True,False,11,0.7835000157356262,1.7280815839767456,0.20506510071828013,0.7730445308712405,1.7280815839767456,0.20482640556029968,2.1835103454362517,0.20811385345730007,0.23106926679611206,False,True,33,64,0.515625,2.7755303679563923,3.6548152759703876,,False,False,False,False,True,True,1.0,25,0.42294861722657623,1.0,10
15,0.029999999329447746,True,False,12,0.7835000157356262,1.7155816555023193,0.2059770085237345,0.7835000157356262,1.7280815839767456,0.19881130606070885,0.19852847572528212,-0.1774844889954454,0.2747678804901488,False,False,,,,,,SurfaceGeometryError: a requested surface does not close inside the lattice; the boundary flux does not bound this map,False,False,False,False,True,True,1.0,25,0.42294861722657623,1.0,10
15,0.029999999329447746,True,False,13,0.5825902819633484,1.5470000505447388,0.23941677309611853,0.6230455304202963,1.580945696610649,0.24168681301505393,-0.8139453666153925,0.20945759304567357,0.4283582318333037,True,True,39,64,0.609375,1.824215926439143,2.402125486210138,,False,False,False,False,True,True,1.0,25,0.42294861722657623,1.0,10
15,0.029999999329447746,True,False,14,0.4165000021457672,1.5470000505447388,0.20268459432512725,0.5825902819633484,1.5470000505447388,0.24274923067385784,-0.7354267409645477,-0.06731511718034419,0.3591304324302078,False,True,39,64,0.609375,1.803346606282394,2.3746447888311493,,False,False,False,False,True,True,1.0,25,0.42294861722657623,1.0,10
15,0.029999999329447746,True,False,15,0.2800000011920929,1.683500051498413,0.10900760736621809,0.2800000011920929,1.5741571618017038,0.09491607785952062,1.1786287757544465,0.3023830423093358,0.6474516592654587,False,False,,,,,,SurfaceGeometryError: a requested surface does not close inside the lattice; the boundary flux does not bound this map,False,False,False,False,True,True,1.0,25,0.42294861722657623,1.0,10
15,0.029999999329447746,True,False,16,0.2800000011920929,1.229088544845581,0.23525817644711958,0.19524440169334412,1.0835000276565552,0.2572253585117069,-0.27150725468241316,0.7388552959115229,0.6228737516328025,False,True,40,64,0.625,1.4821601694475273,1.9517068489941272,,False,False,False,False,True,True,1.0,25,0.42294861722657623,1.0,10
15,0.029999999329447746,True,False,17,0.19524440169334412,1.0835000276565552,0.25357311932025584,0.19524440169334412,-0.015041911250536444,0.3090363096652473,-0.045959105158185264,1.267004183887062,2.3354623002930808,True,False,,,,,,SurfaceGeometryError: a requested surface does not close inside the lattice; the boundary flux does not bound this map,False,False,False,False,True,True,1.0,25,0.42294861722657623,1.0,10
15,0.029999999329447746,True,False,18,0.19524440169334412,-1.0835000276565552,0.256569268989342,0.19524440169334412,-0.01495743378534975,0.3093409798553277,-0.046218675667518104,1.098457461441905,2.3354623002930808,True,False,,,,,,SurfaceGeometryError: a requested surface does not close inside the lattice; the boundary flux does not bound this map,False,False,False,False,True,True,1.0,25,0.42294861722657623,1.0,10
15,0.029999999329447746,True,False,19,0.2800000011920929,-1.229088544845581,0.23861804182829985,0.19524440169334412,-1.0835000276565552,0.2592817243436277,-0.2960908868098332,-0.09571252619365894,0.6228737516328025,False,True,41,64,0.640625,1.4166963476009713,1.8655041617994772,,False,False,False,False,True,True,1.0,25,0.42294861722657623,1.0,10
15,0.029999999329447746,True,False,20,0.2800000011920929,-1.683500051498413,0.10639038681406392,0.2800000011920929,-1.5763956620273663,0.09249375404901486,1.2114208414444638,0.3473071171817852,0.6474516592654587,False,False,,,,,,SurfaceGeometryError: a requested surface does not close inside the lattice; the boundary flux does not bound this map,False,False,False,False,True,True,1.0,25,0.42294861722657623,1.0,10
15,0.029999999329447746,True,False,21,0.4165000021457672,-1.5470000505447388,0.20162671586409914,0.5825902819633484,-1.5470000505447388,0.2378746889497499,-0.7959118917097321,0.4064474994797456,0.3591304324302078,False,True,39,64,0.609375,1.8980555595016506,2.499357432221093,,False,False,False,False,True,True,1.0,25,0.42294861722657623,1.0,10
15,0.029999999329447746,True,False,22,0.5825902819633484,-1.5470000505447388,0.2360927179678274,0.6150007783160574,-1.5741954152989646,0.23757434478450967,-0.8277114673648037,0.2083990039527326,0.4283582318333037,True,True,39,64,0.609375,1.903819552354074,2.5069474515452668,,False,False,False,False,True,True,1.0,25,0.42294861722657623,1.0,10
15,0.029999999329447746,True,False,23,0.7835000157356262,-1.7155816555023193,0.19752795731044606,0.7835000157356262,-1.7280815839767456,0.18127034964768274,0.16531827765168275,0.57586205212244,0.2747678804901488,False,False,,,,,,SurfaceGeometryError: a requested surface does not close inside the lattice; the boundary flux does not bound this map,False,False,False,False,True,True,1.0,25,0.42294861722657623,1.0,10
15,0.029999999329447746,True,False,24,0.7835000157356262,-1.7280815839767456,0.19625772449911086,0.7672990132181982,-1.7280815839767456,0.19566371343344266,2.2631365385538436,0.028700930991854324,0.23106926679611206,False,False,,,,,,SurfaceGeometryError: a requested surface does not close inside the lattice; the boundary flux does not bound this map,False,False,False,False,True,True,1.0,25,0.42294861722657623,1.0,10
15,0.029999999329447746,True,False,25,0.5649306774139404,-1.7280815839767456,0.2883458158588879,0.6077145241473969,-1.7280815839767456,0.2941443321522544,-3.167796117909736,0.17578549158822926,0.315487802028656,True,True,64,64,1.0,0.3211945454304372,0.42294861722657623,,False,False,True,False,True,True,1.0,25,0.42294861722657623,1.0,10
15,0.029999999329447746,True,False,26,0.5649306774139404,-1.8250000476837158,0.23231929306678914,1.447076775405631,-1.8250000476837158,-0.009378481558200868,0.3105929666037227,0.9790645616986609,1.4319877624511719,False,False,,,,,,SurfaceGeometryError: a requested surface does not close inside the lattice; the boundary flux does not bound this map,False,False,False,False,True,True,1.0,25,0.42294861722657623,1.0,10
15,0.029999999329447746,True,False,27,1.899999976158142,-1.8250000476837158,0.05433638126216255,1.899999976158142,-1.1950000524520874,-0.42705400453071685,0.007837737715830519,9.172132393086908,1.96506929397583,False,False,,,,,,SurfaceGeometryError: a requested surface does not close inside the lattice; the boundary flux does not bound this map,False,False,False,False,True,True,1.0,25,0.42294861722657623,1.0,10
15,0.029999999329447746,True,False,28,1.899999976158142,-1.1950000524520874,-0.019948124794521988,1.899999976158142,-1.2322636710182255,-0.020242882373280174,0.21227308369109385,0.5927363766654903,1.4900689125061035,False,False,,,,,,SurfaceGeometryError: a requested surface does not close inside the lattice; the boundary flux does not bound this map,False,False,False,False,True,True,1.0,25,0.42294861722657623,1.0,10
15,0.029999999329447746,True,False,29,1.039931058883667,-1.1950000524520874,0.15068061030003768,1.039931058883667,-1.0330003499984741,0.1661129372770106,-0.12751246466498786,1.2079568689011506,1.0220686197280884,False,False,,,,,,SurfaceGeometryError: a requested surface does not close inside the lattice; the boundary flux does not bound this map,False,False,False,False,True,True,1.0,25,0.42294861722657623,1.0,10
15,0.029999999329447746,True,False,30,1.039931058883667,-1.0330003499984741,0.1617068153169477,1.039931058883667,-1.0859207700444948,0.16510103627142644,-1.2119746747231614,0.10907928240759254,0.5299992561340332,True,False,,,,,,SurfaceGeometryError: a requested surface does not close inside the lattice; the boundary flux does not bound this map,False,False,False,False,True,True,1.0,25,0.42294861722657623,1.0,10
15,0.029999999329447746,True,False,31,1.407930612564087,-1.0330003499984741,-0.04962890938711356,1.3959995220214143,-1.0330003499984741,-0.04986645885932406,1.6687596374160625,0.3560684631377473,0.5784996747970581,False,False,,,,,,SurfaceGeometryError: a requested surface does not close inside the lattice; the boundary flux does not bound this map,False,False,False,False,True,True,1.0,25,0.42294861722657623,1.0,10
15,0.029999999329447746,True,False,32,1.407930612564087,-0.8225002288818359,0.03269649874992332,1.407930612564087,-0.8329381545809256,0.03292120545068386,-2.062469909718015,0.2000621954175486,0.3576737642288208,True,False,,,,,,SurfaceGeometryError: a requested surface does not close inside the lattice; the boundary flux does not bound this map,False,False,False,False,True,True,1.0,25,0.42294861722657623,1.0,10
15,0.029999999329447746,True,False,33,1.5551042556762695,-0.8225002288818359,-0.018313448224633433,1.5551042556762695,-0.6523350070278351,-0.03890021665322815,0.7109622978376913,0.31733886496618346,0.5646738708019257,False,False,,,,,,SurfaceGeometryError: a requested surface does not close inside the lattice; the boundary flux does not bound this map,False,False,False,False,True,True,1.0,25,0.42294861722657623,1.0,10
15,0.029999999329447746,True,False,34,1.5551042556762695,-0.4050000011920929,0.004592621166346872,1.5551042556762695,-0.46743246066952615,0.0053234034619227405,-0.18748525999985818,0.3550677682123098,0.7623959481716156,True,False,,,,,,SurfaceGeometryError: a requested surface does not close inside the lattice; the boundary flux does not bound this map,False,False,False,False,True,True,1.0,25,0.42294861722657623,1.0,10
15,0.029999999329447746,True,False,35,1.899999976158142,-0.4050000011920929,-0.025783447093015027,1.899999976158142,0.007343644776509617,-0.038587024045130244,0.07530307356322893,0.7572393664504751,1.1548957228660583,False,False,,,,,,SurfaceGeometryError: a requested surface does not close inside the lattice; the boundary flux does not bound this map,False,False,False,False,True,True,1.0,25,0.42294861722657623,1.0,10
15,0.029999999329447746,True,False,36,1.899999976158142,0.4050000011920929,-0.026679305512632853,,,,,,,,False,,,,,,the centred bracket contains duplicate coordinates,False,False,False,False,True,True,1.0,25,0.42294861722657623,1.0,10
16,0.03500000014901161,True,True,0,1.899999976158142,0.4050000011920929,-0.053966654275920456,,,,,,,,False,,,,,,the centred bracket contains duplicate coordinates,False,False,False,False,True,True,1.0,25,0.7202908562258236,1.0,10
16,0.03500000014901161,True,True,1,1.5551042556762695,0.4050000011920929,-0.019943643246021575,1.5551042556762695,0.45160161620118344,-0.019454636711059785,-0.22517114050451997,0.3914973354909631,0.7623959481716156,True,False,,,,,,SurfaceGeometryError: a requested surface does not close inside the lattice; the boundary flux does not bound this map,False,False,False,False,True,True,1.0,25,0.7202908562258236,1.0,10
16,0.03500000014901161,True,True,2,1.5551042556762695,0.8225002288818359,-0.0504304804881031,1.5551042556762695,0.6598175311043898,-0.0714060875188771,0.7925593734302345,0.2548175299122969,0.5646738708019257,False,False,,,,,,SurfaceGeometryError: a requested surface does not close inside the lattice; the boundary flux does not bound this map,False,False,False,False,True,True,1.0,25,0.7202908562258236,1.0,10
16,0.03500000014901161,True,True,3,1.407930612564087,0.8225002288818359,0.004688292432369012,1.407930612564087,0.8323963303477733,0.004907962122121849,-2.243064993714216,0.15706974457811992,0.3576737642288208,True,False,,,,,,SurfaceGeometryError: a requested surface does not close inside the lattice; the boundary flux does not bound this map,False,False,False,False,True,True,1.0,25,0.7202908562258236,1.0,10
16,0.03500000014901161,True,True,4,1.407930612564087,1.0330003499984741,-0.08535739811929369,1.3955843419092233,1.0330003499984741,-0.0856346397222388,1.8188078271289077,0.22284639177150184,0.5784996747970581,False,False,,,,,,SurfaceGeometryError: a requested surface does not close inside the lattice; the boundary flux does not bound this map,False,False,False,False,True,True,1.0,25,0.7202908562258236,1.0,10
16,0.03500000014901161,True,True,5,1.039931058883667,1.0330003499984741,0.14442501227909327,1.039931058883667,1.088176803802709,0.148399023104147,-1.3053334763358897,0.4231760074846549,0.5299992561340332,True,False,,,,,,SurfaceGeometryError: a requested surface does not close inside the lattice; the boundary flux does not bound this map,False,False,False,False,True,True,1.0,25,0.7202908562258236,1.0,10
16,0.03500000014901161,True,True,6,1.039931058883667,1.1950000524520874,0.1335035933169624,1.039931058883667,1.0330003499984741,0.1479487500229334,-0.14098188363450165,-0.158095728002348,1.0220686197280884,False,False,,,,,,SurfaceGeometryError: a requested surface does not close inside the lattice; the boundary flux does not bound this map,False,False,False,False,True,True,1.0,25,0.7202908562258236,1.0,10
16,0.03500000014901161,True,True,7,1.899999976158142,1.1950000524520874,-0.0484091098818471,1.899999976158142,1.215797831225139,-0.04851057545767995,0.23457666945554884,0.8808666960475267,1.4900689125061035,False,False,,,,,,SurfaceGeometryError: a requested surface does not close inside the lattice; the boundary flux does not bound this map,False,False,False,False,True,True,1.0,25,0.7202908562258236,1.0,10
16,0.03500000014901161,True,True,8,1.899999976158142,1.8250000476837158,0.03854724002962925,1.899999976158142,1.1950000524520874,-1.3496971524925248,0.003542650159779208,-19.165607324578527,1.96506929397583,False,False,,,,,,SurfaceGeometryError: a requested surface does not close inside the lattice; the boundary flux does not bound this map,False,False,False,False,True,True,1.0,25,0.7202908562258236,1.0,10
16,0.03500000014901161,True,True,9,0.5649306774139404,1.8250000476837158,0.23211560843685375,1.5113357665577607,1.8250000476837158,-0.0007215214081693067,0.25995495695438625,0.3886642096003815,1.4319877624511719,False,False,,,,,,SurfaceGeometryError: a requested surface does not close inside the lattice; the boundary flux does not bound this map,False,False,False,False,True,True,1.0,25,0.7202908562258236,1.0,10
16,0.03500000014901161,True,True,10,0.5649306774139404,1.7280815839767456,0.28224569749665973,0.6050537429434857,1.7280815839767456,0.2869457556756224,-2.919543965111178,0.13704152923651544,0.315487802028656,True,True,64,64,1.0,0.2697129891394594,0.335359314445963,,True,True,False,True,True,True,1.0,25,0.7202908562258236,1.0,10
16,0.03500000014901161,True,True,11,0.7835000157356262,1.7280815839767456,0.19397850618919804,0.7756908316725641,1.7280815839767456,0.19385715885034027,1.9898435795068925,0.21076015425862374,0.23106926679611206,False,False,,,,,,SurfaceGeometryError: a requested surface does not close inside the lattice; the boundary flux does not bound this map,False,False,False,False,True,True,1.0,25,0.7202908562258236,1.0,10
16,0.03500000014901161,True,True,12,0.7835000157356262,1.7155816555023193,0.19467788983673573,0.7835000157356262,1.7280815839767456,0.19078051618314432,0.22114136600972017,-0.12025511476915864,0.2747678804901488,False,False,,,,,,SurfaceGeometryError: a requested surface does not close inside the lattice; the boundary flux does not bound this map,False,False,False,False,True,True,1.0,25,0.7202908562258236,1.0,10
16,0.03500000014901161,True,True,13,0.5825902819633484,1.5470000505447388,0.22528811524215975,0.6242206885332178,1.5819317615316235,0.2275325082496596,-0.7599571559208479,0.20792353938991645,0.4283582318333037,True,True,39,64,0.609375,1.8585672210426178,2.310929967033623,,False,False,False,False,True,True,1.0,25,0.7202908562258236,1.0,10
16,0.03500000014901161,True,True,14,0.4165000021457672,1.5470000505447388,0.19060508534496107,0.5825902819633484,1.5470000505447388,0.22852583575611696,-0.6886662123277818,-0.06856702245432304,0.3591304324302078,False,True,39,64,0.609375,1.839526921818858,2.287255387196371,,False,False,False,False,True,True,1.0,25,0.7202908562258236,1.0,10
16,0.03500000014901161,True,True,15,0.2800000011920929,1.683500051498413,0.10255149110551504,0.2800000011920929,1.5738696292997072,0.08925468842476456,1.106330921186454,0.30267057481133247,0.6474516592654587,False,False,,,,,,SurfaceGeometryError: a requested surface does not close inside the lattice; the boundary flux does not bound this map,False,False,False,False,True,True,1.0,25,0.7202908562258236,1.0,10
16,0.03500000014901161,True,True,16,0.2800000011920929,1.229088544845581,0.2207686661429086,0.19524440169334412,1.0835000276565552,0.24105033313615687,-0.255609441481721,0.736096284291502,0.6228737516328025,False,True,41,64,0.640625,1.5536175643234422,1.9317576174031228,,False,False,False,False,True,True,1.0,25,0.7202908562258236,1.0,10
16,0.03500000014901161,True,True,17,0.19524440169334412,1.0835000276565552,0.23777358831251294,0.19524440169334412,-0.014372293869472363,0.2892360146934102,-0.04269594066963612,1.266334566505998,2.3354623002930808,True,True,64,64,1.0,0.21255450623956346,0.26428884171404365,,False,False,False,False,True,True,1.0,25,0.7202908562258236,1.0,10
16,0.03500000014901161,True,True,18,0.19524440169334412,-1.0835000276565552,0.2404330981002641,0.19524440169334412,-0.014203099986921597,0.2898330093305268,-0.043204554421394384,1.0977031276434768,2.3354623002930808,True,True,64,64,1.0,0.1977712270584971,0.2459074119310597,,False,False,False,False,True,True,1.0,25,0.7202908562258236,1.0,10
16,0.03500000014901161,True,True,19,0.2800000011920929,-1.229088544845581,0.22364156809792865,0.19524440169334412,-1.0835000276565552,0.24295027555442153,-0.27775835416413874,-0.09519701953549209,0.6228737516328025,False,True,41,64,0.640625,1.5104522989083193,1.8780862170613,,False,False,False,False,True,True,1.0,25,0.7202908562258236,1.0,10
16,0.03500000014901161,True,True,20,0.2800000011920929,-1.683500051498413,0.09973094853242404,0.2800000011920929,-1.576611693738488,0.08678417356393298,1.1331849299976238,0.34752314889290686,0.6474516592654587,False,False,,,,,,SurfaceGeometryError: a requested surface does not close inside the lattice; the boundary flux does not bound this map,False,False,False,False,True,True,1.0,25,0.7202908562258236,1.0,10
16,0.03500000014901161,True,True,21,0.4165000021457672,-1.5470000505447388,0.18872221647407758,0.5825902819633484,-1.5470000505447388,0.22156355865103844,-0.7558056603446935,0.4014918226321543,0.3591304324302078,False,True,39,64,0.609375,1.9708173574875316,2.4505010307956567,,False,False,False,False,True,True,1.0,25,0.7202908562258236,1.0,10
16,0.03500000014901161,True,True,22,0.5825902819633484,-1.5470000505447388,0.22020727493193715,0.6122831446164401,-1.5719150725690918,0.22137637938874877,-0.7781452731545424,0.20485139970606428,0.4283582318333037,True,True,39,64,0.609375,1.9742944760493542,2.4548244566004747,,False,False,False,False,True,True,1.0,25,0.7202908562258236,1.0,10
16,0.03500000014901161,True,True,23,0.7835000157356262,-1.7155816555023193,0.18250389570627237,0.7835000157356262,-1.7280815839767456,0.17190179971278677,0.19839624147996507,0.49343671330209293,0.2747678804901488,False,False,,,,,,SurfaceGeometryError: a requested surface does not close inside the lattice; the boundary flux does not bound this map,False,False,False,False,True,True,1.0,25,0.7202908562258236,1.0,10
16,0.03500000014901161,True,True,24,0.7835000157356262,-1.7280815839767456,0.18138832599033133,0.7688490998247047,-1.7280815839767456,0.18093005309765556,2.1349839650999365,0.027150844385347712,0.23106926679611206,False,False,,,,,,SurfaceGeometryError: a requested surface does not close inside the lattice; the boundary flux does not bound this map,False,False,False,False,True,True,1.0,25,0.7202908562258236,1.0,10
16,0.03500000014901161,True,True,25,0.5649306774139404,-1.7280815839767456,0.2697084999246347,0.6067334543435552,-1.7280815839767456,0.2749404512597845,-2.994011268289691,0.17676656139207103,0.315487802028656,True,True,64,64,1.0,0.5792944806183125,0.7202908562258236,,False,False,True,False,True,True,1.0,25,0.7202908562258236,1.0,10
16,0.03500000014901161,True,True,26,0.5649306774139404,-1.8250000476837158,0.21732494810188296,1.4712421182956603,-1.8250000476837158,-0.015170406200058772,0.2830475203232555,1.00322990458869,1.4319877624511719,False,False,,,,,,SurfaceGeometryError: a requested surface does not close inside the lattice; the boundary flux does not bound this map,False,False,False,False,True,True,1.0,25,0.7202908562258236,1.0,10
16,0.03500000014901161,True,True,27,1.899999976158142,-1.8250000476837158,0.036863153709922006,0.5649306774139404,-1.8250000476837158,5.213437322279412,-0.0008981139434467138,-74.58480859804175,1.96506929397583,False,False,,,,,,SurfaceGeometryError: a requested surface does not close inside the lattice; the boundary flux does not bound this map,False,False,False,False,True,True,1.0,25,0.7202908562258236,1.0,10
16,0.03500000014901161,True,True,28,1.899999976158142,-1.1950000524520874,-0.04940603022265912,1.899999976158142,-1.2141711471283068,-0.04949109276699935,0.2314432637702754,0.6108289005554091,1.4900689125061035,False,False,,,,,,SurfaceGeometryError: a requested surface does not close inside the lattice; the boundary flux does not bound this map,False,False,False,False,True,True,1.0,25,0.7202908562258236,1.0,10
16,0.03500000014901161,True,True,29,1.039931058883667,-1.1950000524520874,0.12942913073250548,1.039931058883667,-1.0330003499984741,0.14535946241540576,-0.13423001766823023,1.204567615740484,1.0220686197280884,False,False,,,,,,SurfaceGeometryError: a requested surface does not close inside the lattice; the boundary flux does not bound this map,False,False,False,False,True,True,1.0,25,0.7202908562258236,1.0,10
16,0.03500000014901161,True,True,30,1.039931058883667,-1.0330003499984741,0.14088881307863288,1.039931058883667,-1.0869888151179008,0.1447054729398098,-1.3094276161863911,0.10801123733418659,0.5299992561340332,True,False,,,,,,SurfaceGeometryError: a requested surface does not close inside the lattice; the boundary flux does not bound this map,False,False,False,False,True,True,1.0,25,0.7202908562258236,1.0,10
16,0.03500000014901161,True,True,31,1.407930612564087,-1.0330003499984741,-0.08846939374297834,1.394658249033335,-1.0330003499984741,-0.08879093023819196,1.8252978259838326,0.3547271901496679,0.5784996747970581,False,False,,,,,,SurfaceGeometryError: a requested surface does not close inside the lattice; the boundary flux does not bound this map,False,False,False,False,True,True,1.0,25,0.7202908562258236,1.0,10
16,0.03500000014901161,True,True,32,1.407930612564087,-0.8225002288818359,0.0026092610529277055,1.407930612564087,-0.8312544848512575,0.002781077333052842,-2.2419495224873853,0.20174586514721662,0.3576737642288208,True,False,,,,,,SurfaceGeometryError: a requested surface does not close inside the lattice; the boundary flux does not bound this map,False,False,False,False,True,True,1.0,25,0.7202908562258236,1.0,10
16,0.03500000014901161,True,True,33,1.5551042556762695,-0.8225002288818359,-0.05172858415576438,1.5551042556762695,-0.656792198110518,-0.07291200686526804,0.7714521965012422,0.3128816738835006,0.5646738708019257,False,False,,,,,,SurfaceGeometryError: a requested surface does not close inside the lattice; the boundary flux does not bound this map,False,False,False,False,True,True,1.0,25,0.7202908562258236,1.0,10
16,0.03500000014901161,True,True,34,1.5551042556762695,-0.4050000011920929,-0.024002469578146474,1.5551042556762695,-0.45235130169803917,-0.02354118834417702,-0.2057320549151375,0.37014892718379677,0.7623959481716156,True,False,,,,,,SurfaceGeometryError: a requested surface does not close inside the lattice; the boundary flux does not bound this map,False,False,False,False,True,True,1.0,25,0.7202908562258236,1.0,10
16,0.03500000014901161,True,True,35,1.899999976158142,-0.4050000011920929,-0.055194654370474744,1.899999976158142,-0.00952025044803706,-0.06764792752041741,0.07962235350848919,0.7403754712259284,1.1548957228660583,False,False,,,,,,SurfaceGeometryError: a requested surface does not close inside the lattice; the boundary flux does not bound this map,False,False,False,False,True,True,1.0,25,0.7202908562258236,1.0,10
16,0.03500000014901161,True,True,36,1.899999976158142,0.4050000011920929,-0.05396665427726624,,,,,,,,False,,,,,,the centred bracket contains duplicate coordinates,False,False,False,False,True,True,1.0,25,0.7202908562258236,1.0,10
17,0.03999999910593033,True,False,0,1.899999976158142,0.4050000011920929,-0.052737131710318075,,,,,,,,False,,,,,,the centred bracket contains duplicate coordinates,False,False,False,False,True,True,1.0,25,0.9915105392810013,1.0,10
17,0.03999999910593033,True,False,1,1.5551042556762695,0.4050000011920929,-0.017516062606662802,1.5551042556762695,0.4454531641763644,-0.017123587647498065,-0.23983192011495533,0.38534888346614404,0.7623959481716156,True,False,,,,,,SurfaceGeometryError: a requested surface does not close inside the lattice; the boundary flux does not bound this map,False,False,False,False,True,True,1.0,25,0.9915105392810013,1.0,10
17,0.03999999910593033,True,False,2,1.5551042556762695,0.8225002288818359,-0.05121917001725197,1.5551042556762695,0.665323443108378,-0.07055375618771935,0.7826328527509285,0.2603234419162851,0.5646738708019257,False,False,,,,,,SurfaceGeometryError: a requested surface does not close inside the lattice; the boundary flux does not bound this map,False,False,False,False,True,True,1.0,25,0.9915105392810013,1.0,10
17,0.03999999910593033,True,False,3,1.407930612564087,0.8225002288818359,0.0019408859920816146,1.407930612564087,0.8318735759129958,0.0021321552444746317,-2.1769866598749186,0.1565469901433425,0.3576737642288208,True,False,,,,,,SurfaceGeometryError: a requested surface does not close inside the lattice; the boundary flux does not bound this map,False,False,False,False,True,True,1.0,25,0.9915105392810013,1.0,10
17,0.03999999910593033,True,False,4,1.407930612564087,1.0330003499984741,-0.08593126395708807,1.3956032234902993,1.0330003499984741,-0.08620102987327653,1.7751901150633582,0.22282751019042588,0.5784996747970581,False,False,,,,,,SurfaceGeometryError: a requested surface does not close inside the lattice; the boundary flux does not bound this map,False,False,False,False,True,True,1.0,25,0.9915105392810013,1.0,10
17,0.03999999910593033,True,False,5,1.039931058883667,1.0330003499984741,0.13836529259323824,1.039931058883667,1.0860972392577946,0.14198904091958695,-1.2853454702916214,0.42109644293974025,0.5299992561340332,True,False,,,,,,SurfaceGeometryError: a requested surface does not close inside the lattice; the boundary flux does not bound this map,False,False,False,False,True,True,1.0,25,0.9915105392810013,1.0,10
17,0.03999999910593033,True,False,6,1.039931058883667,1.1950000524520874,0.12674507150587688,1.039931058883667,1.0330003499984741,0.14333630181368687,-0.12951855729517125,-0.19590985593501561,1.0220686197280884,False,False,,,,,,SurfaceGeometryError: a requested surface does not close inside the lattice; the boundary flux does not bound this map,False,False,False,False,True,True,1.0,25,0.9915105392810013,1.0,10
17,0.03999999910593033,True,False,7,1.899999976158142,1.1950000524520874,-0.04880079535569455,1.899999976158142,1.2124640755021947,-0.04887034972005483,0.22805300239175777,0.8775329403245824,1.4900689125061035,False,False,,,,,,SurfaceGeometryError: a requested surface does not close inside the lattice; the boundary flux does not bound this map,False,False,False,False,True,True,1.0,25,0.9915105392810013,1.0,10
17,0.03999999910593033,True,False,8,1.899999976158142,1.8250000476837158,0.03669520911947621,1.899999976158142,1.1950000524520874,-7.48515985372499,0.0006156081368840794,-109.90766967454336,1.96506929397583,False,False,,,,,,SurfaceGeometryError: a requested surface does not close inside the lattice; the boundary flux does not bound this map,False,False,False,False,True,True,1.0,25,0.9915105392810013,1.0,10
17,0.03999999910593033,True,False,9,0.5649306774139404,1.8250000476837158,0.21948976981725687,1.5119459610119221,1.8250000476837158,-0.00019083713867094204,0.2449501692034731,0.38805401514621995,1.4319877624511719,False,False,,,,,,SurfaceGeometryError: a requested surface does not close inside the lattice; the boundary flux does not bound this map,False,False,False,False,True,True,1.0,25,0.9915105392810013,1.0,10
17,0.03999999910593033,True,False,10,0.5649306774139404,1.7280815839767456,0.2667552862221706,0.6053884305761786,1.7280815839767456,0.2712440492920545,-2.7423517672631785,0.13737621686920845,0.315487802028656,True,True,64,64,1.0,0.5240258898268402,0.5710731397903274,,True,True,False,True,True,True,1.0,25,0.9915105392810013,1.0,10
17,0.03999999910593033,True,False,11,0.7835000157356262,1.7280815839767456,0.1842464037021075,0.7757809061298105,1.7280815839767456,0.1841356726511753,1.858382069187405,0.21085022871587009,0.23106926679611206,False,False,,,,,,SurfaceGeometryError: a requested surface does not close inside the lattice; the boundary flux does not bound this map,False,False,False,False,True,True,1.0,25,0.9915105392810013,1.0,10
17,0.03999999910593033,True,False,12,0.7835000157356262,1.7155816555023193,0.18489539689734344,0.7835000157356262,1.7280815839767456,0.18135644818275784,0.2101885131157268,-0.1172576241092049,0.2747678804901488,False,False,,,,,,SurfaceGeometryError: a requested surface does not close inside the lattice; the boundary flux does not bound this map,False,False,False,False,True,True,1.0,25,0.9915105392810013,1.0,10
17,0.03999999910593033,True,False,13,0.5825902819633484,1.5470000505447388,0.21365905884556874,0.6247664451315483,1.5823897011323351,0.21584398848632413,-0.7208000784792771,0.20721110767913897,0.4283582318333037,True,True,39,64,0.609375,1.9495645304255458,2.1245971987793704,,False,False,False,False,True,True,1.0,25,0.9915105392810013,1.0,10
17,0.03999999910593033,True,False,14,0.4165000021457672,1.5470000505447388,0.18059250343220207,0.5825902819633484,1.5470000505447388,0.2168404156879148,-0.650767786303662,-0.06991867172610186,0.3591304324302078,False,True,39,64,0.609375,1.930214604035692,2.1035100284072787,,False,False,False,False,True,True,1.0,25,0.9915105392810013,1.0,10
17,0.03999999910593033,True,False,15,0.2800000011920929,1.683500051498413,0.09704504222379967,0.2800000011920929,1.5741522912761716,0.08447644258316045,1.0511558434026431,0.30238791283486804,0.6474516592654587,False,False,,,,,,SurfaceGeometryError: a requested surface does not close inside the lattice; the boundary flux does not bound this map,False,False,False,False,True,True,1.0,25,0.9915105392810013,1.0,10
17,0.03999999910593033,True,False,16,0.2800000011920929,1.229088544845581,0.20963650624442268,0.19524440169334412,1.0835000276565552,0.228487813330144,-0.24571527059918424,0.7313954922915981,0.6228737516328025,False,True,41,64,0.640625,1.6673243535210256,1.8170173880698226,,False,False,False,False,True,True,1.0,25,0.9915105392810013,1.0,10
17,0.03999999910593033,True,False,17,0.19524440169334412,1.0835000276565552,0.22559403240312048,0.19524440169334412,-0.01168808621577444,0.2737602143678982,-0.04015732528956404,1.2636503588523,2.3354623002930808,True,True,64,64,1.0,0.4643324651383022,0.5060204160155815,,False,False,False,False,True,True,1.0,25,0.9915105392810013,1.0,10
17,0.03999999910593033,True,False,18,0.19524440169334412,-1.0835000276565552,0.22762824857734112,0.19524440169334412,-0.011562757081329034,0.2742711465661547,-0.04059259196383021,1.0950627847378842,2.3354623002930808,True,True,64,64,1.0,0.45227486253091864,0.4928802771159216,,False,False,False,False,True,True,1.0,25,0.9915105392810013,1.0,10
17,0.03999999910593033,True,False,19,0.2800000011920929,-1.229088544845581,0.21181575160112695,0.19524440169334412,-1.0835000276565552,0.22985538028519775,-0.26743760552953505,-0.09125605975668058,0.6228737516328025,False,True,41,64,0.640625,1.638596147188352,1.7857099521025548,,False,False,False,False,True,True,1.0,25,0.9915105392810013,1.0,10
17,0.03999999910593033,True,False,20,0.2800000011920929,-1.683500051498413,0.09346717914350852,0.2800000011920929,-1.577839091103782,0.08150593217259419,1.0713894114427045,0.348750546258201,0.6474516592654587,False,False,,,,,,SurfaceGeometryError: a requested surface does not close inside the lattice; the boundary flux does not bound this map,False,False,False,False,True,True,1.0,25,0.9915105392810013,1.0,10
17,0.03999999910593033,True,False,21,0.4165000021457672,-1.5470000505447388,0.17709781848905232,0.5825902819633484,-1.5470000505447388,0.20653504548567084,-0.7277822461109216,0.39415666070148453,0.3591304324302078,False,True,39,64,0.609375,2.122941088202342,2.3135395719288177,,False,False,False,False,True,True,1.0,25,0.9915105392810013,1.0,10
17,0.03999999910593033,True,False,22,0.5825902819633484,-1.5470000505447388,0.20564217554061473,0.6068504231090078,-1.5673565233449482,0.20639345817543708,-0.7490800150219362,0.19775951462477206,0.4283582318333037,True,True,39,64,0.609375,2.125545262003457,2.3163775494754115,,False,False,False,False,True,True,1.0,25,0.9915105392810013,1.0,10
17,0.03999999910593033,True,False,23,0.7835000157356262,-1.7155816555023193,0.16656055279987678,0.7835000157356262,-1.7280815839767456,0.1534452491566552,0.18875372251943184,0.5258655279913222,0.2747678804901488,False,False,,,,,,SurfaceGeometryError: a requested surface does not close inside the lattice; the boundary flux does not bound this map,False,False,False,False,True,True,1.0,25,0.9915105392810013,1.0,10
17,0.03999999910593033,True,False,24,0.7835000157356262,-1.7280815839767456,0.1653461767562044,0.7667723223630332,-1.7280815839767456,0.16475463959621497,2.114024002010252,0.029227621847019273,0.23106926679611206,False,False,,,,,,SurfaceGeometryError: a requested surface does not close inside the lattice; the boundary flux does not bound this map,False,False,False,False,True,True,1.0,25,0.9915105392810013,1.0,10
17,0.03999999910593033,True,False,25,0.5649306774139404,-1.7280815839767456,0.2508800823692915,0.6060160900120998,-1.7280815839767456,0.25572308533319005,-2.869058670602963,0.17748392572352645,0.315487802028656,True,True,64,64,1.0,0.9098260037412765,0.9915105392810013,,False,False,True,False,True,True,1.0,25,0.9915105392810013,1.0,10
17,0.03999999910593033,True,False,26,0.5649306774139404,-1.8250000476837158,0.2010816624753885,1.495615119431901,-1.8250000476837158,-0.02618594052140416,0.2623811453065489,1.0276029057249307,1.4319877624511719,False,False,,,,,,SurfaceGeometryError: a requested surface does not close inside the lattice; the boundary flux does not bound this map,False,False,False,False,True,True,1.0,25,0.9915105392810013,1.0,10
17,0.03999999910593033,True,False,27,1.899999976158142,-1.8250000476837158,0.016720490505531455,1.899999976158142,-1.1950000524520874,-0.38496783105054666,0.009738510323015889,7.757483901509763,1.96506929397583,False,False,,,,,,SurfaceGeometryError: a requested surface does not close inside the lattice; the boundary flux does not bound this map,False,False,False,False,True,True,1.0,25,0.9915105392810013,1.0,10
17,0.03999999910593033,True,False,28,1.899999976158142,-1.1950000524520874,-0.058220680353028464,1.899999976158142,-1.2382295757997994,-0.05862966645855801,0.21885055887459828,0.5867704718839163,1.4900689125061035,False,False,,,,,,SurfaceGeometryError: a requested surface does not close inside the lattice; the boundary flux does not bound this map,False,False,False,False,True,True,1.0,25,0.9915105392810013,1.0,10
17,0.03999999910593033,True,False,29,1.039931058883667,-1.1950000524520874,0.11994102529304293,1.039931058883667,-1.0330003499984741,0.14126594194565142,-0.12216214298356014,1.2778755690093964,1.0220686197280884,False,False,,,,,,SurfaceGeometryError: a requested surface does not close inside the lattice; the boundary flux does not bound this map,False,False,False,False,True,True,1.0,25,0.9915105392810013,1.0,10
17,0.03999999910593033,True,False,30,1.039931058883667,-1.0330003499984741,0.1332719939368952,1.039931058883667,-1.0827962566459477,0.13654159890551987,-1.3185845916659928,0.11220379580613961,0.5299992561340332,True,False,,,,,,SurfaceGeometryError: a requested surface does not close inside the lattice; the boundary flux does not bound this map,False,False,False,False,True,True,1.0,25,0.9915105392810013,1.0,10
17,0.03999999910593033,True,False,31,1.407930612564087,-1.0330003499984741,-0.0936213588626835,1.3944438770066527,-1.0330003499984741,-0.09395021092423328,1.8079519520951686,0.3545128181229858,0.5784996747970581,False,False,,,,,,SurfaceGeometryError: a requested surface does not close inside the lattice; the boundary flux does not bound this map,False,False,False,False,True,True,1.0,25,0.9915105392810013,1.0,10
17,0.03999999910593033,True,False,32,1.407930612564087,-0.8225002288818359,-0.0032450590643800237,1.407930612564087,-0.8307074557799519,-0.0030960537968680313,-2.212120300141619,0.20229289421852226,0.3576737642288208,True,False,,,,,,SurfaceGeometryError: a requested surface does not close inside the lattice; the boundary flux does not bound this map,False,False,False,False,True,True,1.0,25,0.9915105392810013,1.0,10
17,0.03999999910593033,True,False,33,1.5551042556762695,-0.8225002288818359,-0.05650374928955133,1.5551042556762695,-0.6640772921252422,-0.0760768807701686,0.7798735550272169,0.30559657986877636,0.5646738708019257,False,False,,,,,,SurfaceGeometryError: a requested surface does not close inside the lattice; the boundary flux does not bound this map,False,False,False,False,True,True,1.0,25,0.9915105392810013,1.0,10
17,0.03999999910593033,True,False,34,1.5551042556762695,-0.4050000011920929,-0.023730954600320514,1.5551042556762695,-0.44118020099593414,-0.023433237620961923,-0.22743729536185378,0.3813200278859018,0.7623959481716156,True,False,,,,,,SurfaceGeometryError: a requested surface does not close inside the lattice; the boundary flux does not bound this map,False,False,False,False,True,True,1.0,25,0.9915105392810013,1.0,10
17,0.03999999910593033,True,False,35,1.899999976158142,-0.4050000011920929,-0.05646142169749524,1.899999976158142,-0.026684502565631263,-0.06879183486733298,0.08615279311744971,0.7232112191083342,1.1548957228660583,False,False,,,,,,SurfaceGeometryError: a requested surface does not close inside the lattice; the boundary flux does not bound this map,False,False,False,False,True,True,1.0,25,0.9915105392810013,1.0,10
17,0.03999999910593033,True,False,36,1.899999976158142,0.4050000011920929,-0.052737131711587226,,,,,,,,False,,,,,,the centred bracket contains duplicate coordinates,False,False,False,False,True,True,1.0,25,0.9915105392810013,1.0,10
11,0.009999999776482582,False,False,0,1.899999976158142,0.4050000011920929,0.05065392904394796,,,,,,,,False,,,,,,the centred bracket contains duplicate coordinates,False,False,False,False,False,False,,,,0.609375,16
11,0.009999999776482582,False,False,1,1.5551042556762695,0.4050000011920929,0.07338763477528465,1.5551042556762695,0.8225002288818359,0.09242425484909622,-0.037069886344062344,1.061508079616545,0.7623959481716156,False,False,,,,,,SurfaceGeometryError: a requested surface does not close inside the lattice; the boundary flux does not bound this map,False,False,False,False,False,False,,,,0.609375,16
11,0.009999999776482582,False,False,2,1.5551042556762695,0.8225002288818359,0.08910768376740227,1.5551042556762695,0.5754573436837,0.05910258325926063,0.4916435934514406,0.1704573424916072,0.5646738708019257,False,False,,,,,,SurfaceGeometryError: a requested surface does not close inside the lattice; the boundary flux does not bound this map,False,False,False,False,False,False,,,,0.609375,16
11,0.009999999776482582,False,False,3,1.407930612564087,0.8225002288818359,0.13550727753093333,1.407930612564087,0.8592289040684995,0.1374349273603367,-1.4289519228972947,0.1839023182988462,0.3576737642288208,True,False,,,,,,SurfaceGeometryError: a requested surface does not close inside the lattice; the boundary flux does not bound this map,False,False,False,False,False,False,,,,0.609375,16
11,0.009999999776482582,False,False,4,1.407930612564087,1.0330003499984741,0.09428555858528098,1.407930612564087,1.0216309200876696,0.09415074143861525,1.0429602433545901,0.19913069120583368,0.5784996747970581,False,False,,,,,,SurfaceGeometryError: a requested surface does not close inside the lattice; the boundary flux does not bound this map,False,False,False,False,False,False,,,,0.609375,16
11,0.009999999776482582,False,False,5,1.039931058883667,1.0330003499984741,0.24425444084599374,1.039931058883667,1.0816592670193486,0.2463280622116339,-0.8757992750474798,0.41665847070129425,0.5299992561340332,True,False,,,,,,SurfaceGeometryError: a requested surface does not close inside the lattice; the boundary flux does not bound this map,False,False,False,False,False,False,,,,0.609375,16
11,0.009999999776482582,False,False,6,1.039931058883667,1.1950000524520874,0.2350774276803606,1.039931058883667,1.0330003499984741,0.24698679298034734,-0.12318469478431965,-0.1489326641843439,1.0220686197280884,False,False,,,,,,SurfaceGeometryError: a requested surface does not close inside the lattice; the boundary flux does not bound this map,False,False,False,False,False,False,,,,0.609375,16
11,0.009999999776482582,False,False,7,1.899999976158142,1.1950000524520874,0.0780705185125174,1.899999976158142,1.3541749243165055,0.07414556137687148,0.15491229940150208,1.0192437891388932,1.4900689125061035,False,False,,,,,,SurfaceGeometryError: a requested surface does not close inside the lattice; the boundary flux does not bound this map,False,False,False,False,False,False,,,,0.609375,16
11,0.009999999776482582,False,False,8,1.899999976158142,1.8250000476837158,0.1084859462360008,1.899999976158142,1.1950000524520874,0.07685078428991693,0.051477177073142116,-0.1539306995818674,1.96506929397583,False,False,,,,,,SurfaceGeometryError: a requested surface does not close inside the lattice; the boundary flux does not bound this map,False,False,False,False,False,False,,,,0.609375,16
11,0.009999999776482582,False,False,9,0.5649306774139404,1.8250000476837158,0.3079915957683792,1.4256798166225577,1.8250000476837158,0.021484821328852266,0.38670670404373514,0.4743201595355845,1.4319877624511719,False,False,,,,,,SurfaceGeometryError: a requested surface does not close inside the lattice; the boundary flux does not bound this map,False,False,False,False,False,False,,,,0.609375,16
11,0.009999999776482582,False,False,10,0.5649306774139404,1.7280815839767456,0.37614407259853444,0.6078280467607358,1.7280815839767456,0.3832262453047608,-3.848621422458523,0.13981583305376558,0.315487802028656,True,False,,,,,,SurfaceGeometryError: a requested surface does not close inside the lattice; the boundary flux does not bound this map,True,True,False,False,False,False,,,,0.609375,16
11,0.009999999776482582,False,False,11,0.7835000157356262,1.7280815839767456,0.26445532245939074,0.7678505905216827,1.7280815839767456,0.2637870591247116,2.7286689655917797,0.20291991310774227,0.23106926679611206,False,True,35,64,0.546875,2.7233431655409657,5.939898305716847,,False,False,False,False,False,False,,,,0.609375,16
11,0.009999999776482582,False,False,12,0.7835000157356262,1.7155816555023193,0.2659492185202195,0.7835000157356262,1.7280815839767456,0.20911121362226204,0.06366362285729107,-0.9323737219254848,0.2747678804901488,False,False,,,,,,SurfaceGeometryError: a requested surface does not close inside the lattice; the boundary flux does not bound this map,False,False,False,False,False,False,,,,0.609375,16
11,0.009999999776482582,False,False,13,0.5825902819633484,1.5470000505447388,0.3018812622184203,0.6314350872213098,1.5879853005354678,0.30601509907021146,-1.0167825261576204,0.19850584949792024,0.4283582318333037,True,True,37,64,0.578125,1.4906429531863508,3.251249296855157,,False,False,False,False,False,False,,,,0.609375,16
11,0.009999999776482582,False,False,14,0.4165000021457672,1.5470000505447388,0.25229632500828075,0.5825902819633484,1.5470000505447388,0.3089094981995795,-0.8608362155474977,-0.09035722876108211,0.3591304324302078,False,True,37,64,0.578125,1.4144984283108406,3.085170067465124,,False,False,False,False,False,False,,,,0.609375,16
11,0.009999999776482582,False,False,15,0.2800000011920929,1.683500051498413,0.13498687441045623,0.2800000011920929,1.5720537812288178,0.11684035373609605,1.46104062020639,0.304486422882222,0.6474516592654587,False,False,,,,,,SurfaceGeometryError: a requested surface does not close inside the lattice; the boundary flux does not bound this map,False,False,False,False,False,False,,,,0.609375,16
11,0.009999999776482582,False,False,16,0.2800000011920929,1.229088544845581,0.2886954807638878,0.19524440169334412,1.0835000276565552,0.3152867761089614,-0.3312893163892342,0.7377241991473417,0.6228737516328025,False,True,39,64,0.609375,1.2015532148820083,2.6207141265241742,,False,False,False,True,False,False,,,,0.609375,16
11,0.009999999776482582,False,False,17,0.19524440169334412,1.0835000276565552,0.3109168628724694,0.19524440169334412,-0.015203955328668028,0.37822056676730215,-0.055754197273569006,1.2671662279651936,2.3354623002930808,True,False,,,,,,SurfaceGeometryError: a requested surface does not close inside the lattice; the boundary flux does not bound this map,False,False,False,False,False,False,,,,0.609375,16
11,0.009999999776482582,False,False,18,0.19524440169334412,-1.0835000276565552,0.31459072682963796,0.19524440169334412,-0.015251910452198425,0.3780148070305872,-0.055578894682715235,1.0987519381087536,2.3354623002930808,True,False,,,,,,SurfaceGeometryError: a requested surface does not close inside the lattice; the boundary flux does not bound this map,False,False,False,False,False,False,,,,0.609375,16
11,0.009999999776482582,False,False,19,0.2800000011920929,-1.229088544845581,0.293009526502957,0.19524440169334412,-1.0835000276565552,0.31776564384212197,-0.35940914948992303,-0.09398783041617483,0.6228737516328025,False,True,39,64,0.609375,1.127180402639042,2.458499189007976,,False,False,False,False,False,False,,,,0.609375,16
11,0.009999999776482582,False,False,20,0.2800000011920929,-1.683500051498413,0.13306868630821211,0.2800000011920929,-1.573342102683385,0.11482349310586107,1.503546227787951,0.3442535578378039,0.6474516592654587,False,False,,,,,,SurfaceGeometryError: a requested surface does not close inside the lattice; the boundary flux does not bound this map,False,False,False,False,False,False,,,,0.609375,16
11,0.009999999776482582,False,False,21,0.4165000021457672,-1.5470000505447388,0.25304312765876447,0.5825902819633484,-1.5470000505447388,0.3070005098284896,-0.9160932655864378,0.4357322250157893,0.3591304324302078,False,True,37,64,0.578125,1.465123212185147,3.195588053625359,,False,False,False,False,False,False,,,,0.609375,16
11,0.009999999776482582,False,False,22,0.5825902819633484,-1.5470000505447388,0.3016250260428227,0.6293179267820097,-1.5862088096800548,0.3054028602087609,-1.0153285823200358,0.2270886370350522,0.4283582318333037,True,True,37,64,0.578125,1.5063239632752963,3.2854512316086693,,False,False,False,False,False,False,,,,0.609375,16
11,0.009999999776482582,False,False,23,0.7835000157356262,-1.7155816555023193,0.2642724579826594,0.7835000157356262,-1.7280815839767456,0.08414573116626456,0.025564006933128512,2.9167183557516516,0.2747678804901488,False,False,,,,,,SurfaceGeometryError: a requested surface does not close inside the lattice; the boundary flux does not bound this map,False,False,False,False,False,False,,,,0.609375,16
11,0.009999999776482582,False,False,24,0.7835000157356262,-1.7280815839767456,0.26258000230713247,0.7642511491237683,-1.7280815839767456,0.2615962860742841,2.65496935119749,0.031748795086284184,0.23106926679611206,False,False,,,,,,SurfaceGeometryError: a requested surface does not close inside the lattice; the boundary flux does not bound this map,False,False,False,False,False,False,,,,0.609375,16
11,0.009999999776482582,False,False,25,0.5649306774139404,-1.7280815839767456,0.36707463536390106,0.6115336044499389,-1.7280815839767456,0.37535710939915345,-3.8135873090751153,0.1719664112856873,0.315487802028656,True,False,,,,,,SurfaceGeometryError: a requested surface does not close inside the lattice; the boundary flux does not bound this map,False,False,False,False,False,False,,,,0.609375,16
11,0.009999999776482582,False,False,26,0.5649306774139404,-1.8250000476837158,0.29680335223017235,1.3668169981052292,-1.8250000476837158,0.022663905482270708,0.42633002739804526,0.8988047843982588,1.4319877624511719,False,False,,,,,,SurfaceGeometryError: a requested surface does not close inside the lattice; the boundary flux does not bound this map,False,False,False,False,False,False,,,,0.609375,16
11,0.009999999776482582,False,False,27,1.899999976158142,-1.8250000476837158,0.14386274854453632,1.899999976158142,-1.1950000524520874,0.033016376157902316,0.018312393703778573,3.7953699635868454,1.96506929397583,False,False,,,,,,SurfaceGeometryError: a requested surface does not close inside the lattice; the boundary flux does not bound this map,False,False,False,False,False,False,,,,0.609375,16
11,0.009999999776482582,False,False,28,1.899999976158142,-1.1950000524520874,0.09436290497583469,1.899999976158142,-1.2744247231391832,0.09331090839626346,0.16676445255713815,0.5505753245445326,1.4900689125061035,False,False,,,,,,SurfaceGeometryError: a requested surface does not close inside the lattice; the boundary flux does not bound this map,False,False,False,False,False,False,,,,0.609375,16
11,0.009999999776482582,False,False,29,1.039931058883667,-1.1950000524520874,0.24050525257346925,1.039931058883667,-1.0330003499984741,0.25128030998532436,-0.11552222262383388,1.1654745399682236,1.0220686197280884,False,False,,,,,,SurfaceGeometryError: a requested surface does not close inside the lattice; the boundary flux does not bound this map,False,False,False,False,False,False,,,,0.609375,16
11,0.009999999776482582,False,False,30,1.039931058883667,-1.0330003499984741,0.24890456567696206,1.039931058883667,-1.0833505604122937,0.25104882224303576,-0.8458126360323579,0.11164949203979378,0.5299992561340332,True,False,,,,,,SurfaceGeometryError: a requested surface does not close inside the lattice; the boundary flux does not bound this map,False,False,False,False,False,False,,,,0.609375,16
11,0.009999999776482582,False,False,31,1.407930612564087,-1.0330003499984741,0.10301763378400561,1.407930612564087,-1.019137760329629,0.10282511875421327,1.0017881822130577,0.381862143349265,0.5784996747970581,False,False,,,,,,SurfaceGeometryError: a requested surface does not close inside the lattice; the boundary flux does not bound this map,False,False,False,False,False,False,,,,0.609375,16
11,0.009999999776482582,False,False,32,1.407930612564087,-0.8225002288818359,0.14156057995157087,1.407930612564087,-0.8602565189324602,0.1434942283144304,-1.3564346405714207,0.1727438310660139,0.3576737642288208,True,False,,,,,,SurfaceGeometryError: a requested surface does not close inside the lattice; the boundary flux does not bound this map,False,False,False,False,False,False,,,,0.609375,16
11,0.009999999776482582,False,False,33,1.5551042556762695,-0.8225002288818359,0.09710541128314107,1.5551042556762695,-0.5498902770700802,0.06468469375000574,0.4362537874143738,0.4197835949239383,0.5646738708019257,False,False,,,,,,SurfaceGeometryError: a requested surface does not close inside the lattice; the boundary flux does not bound this map,False,False,False,False,False,False,,,,0.609375,16
11,0.009999999776482582,False,False,34,1.5551042556762695,-0.4050000011920929,0.07384305328911782,1.5551042556762695,-0.8225002288818359,0.7553469685045767,-0.0011587092653363323,-23.834465048187056,0.7623959481716156,False,False,,,,,,SurfaceGeometryError: a requested surface does not close inside the lattice; the boundary flux does not bound this map,False,False,False,False,False,False,,,,0.609375,16
11,0.009999999776482582,False,False,35,1.899999976158142,-0.4050000011920929,0.05432140795255507,1.899999976158142,0.050208334156224166,0.04497817432085735,0.04508964302447903,0.8001040558301896,1.1548957228660583,False,False,,,,,,SurfaceGeometryError: a requested surface does not close inside the lattice; the boundary flux does not bound this map,False,False,False,False,False,False,,,,0.609375,16
11,0.009999999776482582,False,False,36,1.899999976158142,0.4050000011920929,0.050653929042148216,,,,,,,,False,,,,,,the centred bracket contains duplicate coordinates,False,False,False,False,False,False,,,,0.609375,16
12,0.014999999664723873,False,False,0,1.899999976158142,0.4050000011920929,0.017631377612165676,,,,,,,,False,,,,,,the centred bracket contains duplicate coordinates,False,False,False,False,False,False,,,,0.609375,16
12,0.014999999664723873,False,False,1,1.5551042556762695,0.4050000011920929,0.0422074932880644,1.5551042556762695,0.5835882019280436,0.04544454198046746,-0.10149478048224765,0.5234839212178233,0.7623959481716156,True,False,,,,,,SurfaceGeometryError: a requested surface does not close inside the lattice; the boundary flux does not bound this map,False,False,False,False,False,False,,,,0.609375,16
12,0.014999999664723873,False,False,2,1.5551042556762695,0.8225002288818359,0.0396513258078431,1.5551042556762695,0.6191223382315331,0.016081518994611733,0.5698342453473424,0.21412233703944017,0.5646738708019257,False,False,,,,,,SurfaceGeometryError: a requested surface does not close inside the lattice; the boundary flux does not bound this map,False,False,False,False,False,False,,,,0.609375,16
12,0.014999999664723873,False,False,3,1.407930612564087,0.8225002288818359,0.08610638536498091,1.407930612564087,0.8453212101059973,0.08695895414908532,-1.6370456873466026,0.169994624336344,0.3576737642288208,True,False,,,,,,SurfaceGeometryError: a requested surface does not close inside the lattice; the boundary flux does not bound this map,False,False,False,False,False,False,,,,0.609375,16
12,0.014999999664723873,False,False,4,1.407930612564087,1.0330003499984741,0.029296541598053463,1.4071182043569088,1.0330003499984741,0.029295701890380194,1.2722706760134532,0.21131252932381617,0.5784996747970581,False,False,,,,,,SurfaceGeometryError: a requested surface does not close inside the lattice; the boundary flux does not bound this map,False,False,False,False,False,False,,,,0.609375,16
12,0.014999999664723873,False,False,5,1.039931058883667,1.0330003499984741,0.20083137670938855,1.039931058883667,1.0914622039012494,0.2041166929952931,-0.9612404099307819,0.42646140758319523,0.5299992561340332,True,False,,,,,,SurfaceGeometryError: a requested surface does not close inside the lattice; the boundary flux does not bound this map,False,False,False,False,False,False,,,,0.609375,16
12,0.014999999664723873,False,False,6,1.039931058883667,1.1950000524520874,0.19381211305482282,1.039931058883667,1.0330003499984741,0.20164936086262805,-0.13684482308915086,-0.07731402062975958,1.0220686197280884,False,False,,,,,,SurfaceGeometryError: a requested surface does not close inside the lattice; the boundary flux does not bound this map,False,False,False,False,False,False,,,,0.609375,16
12,0.014999999664723873,False,False,7,1.899999976158142,1.1950000524520874,0.03625293420491534,1.899999976158142,1.2768522229218098,0.03505407805631852,0.17893968762653956,0.9419210877441974,1.4900689125061035,False,False,,,,,,SurfaceGeometryError: a requested surface does not close inside the lattice; the boundary flux does not bound this map,False,False,False,False,False,False,,,,0.609375,16
12,0.014999999664723873,False,False,8,1.899999976158142,1.8250000476837158,0.0888193770010616,1.899999976158142,1.1950000524520874,0.008894449686835296,0.03467042064971086,-0.8883139102780638,1.96506929397583,False,False,,,,,,SurfaceGeometryError: a requested surface does not close inside the lattice; the boundary flux does not bound this map,False,False,False,False,False,False,,,,0.609375,16
12,0.014999999664723873,False,False,9,0.5649306774139404,1.8250000476837158,0.2911739318075792,1.4464760086928303,1.8250000476837158,0.01598369092559493,0.3541145152152805,0.4535239674653117,1.4319877624511719,False,False,,,,,,SurfaceGeometryError: a requested surface does not close inside the lattice; the boundary flux does not bound this map,False,False,False,False,False,False,,,,0.609375,16
12,0.014999999664723873,False,False,10,0.5649306774139404,1.7280815839767456,0.35500988173439474,0.606114566796037,1.7280815839767456,0.3612410080646287,-3.6737689460426988,0.13810235308906676,0.315487802028656,True,False,,,,,,SurfaceGeometryError: a requested surface does not close inside the lattice; the boundary flux does not bound this map,True,True,False,False,False,False,,,,0.609375,16
12,0.014999999664723873,False,False,11,0.7835000157356262,1.7280815839767456,0.24564367311698343,0.7713149560328738,1.7280815839767456,0.2452611111750895,2.5765966655142396,0.20638427861893344,0.23106926679611206,False,False,,,,,,SurfaceGeometryError: a requested surface does not close inside the lattice; the boundary flux does not bound this map,False,False,False,False,False,False,,,,0.609375,16
12,0.014999999664723873,False,False,12,0.7835000157356262,1.7155816555023193,0.24683115685241785,0.7835000157356262,1.7280815839767456,0.23034447394394092,0.14201284704289163,-0.3282241499113659,0.2747678804901488,False,False,,,,,,SurfaceGeometryError: a requested surface does not close inside the lattice; the boundary flux does not bound this map,False,False,False,False,False,False,,,,0.609375,16
12,0.014999999664723873,False,False,13,0.5825902819633484,1.5470000505447388,0.28198025832022244,0.6289240248375845,1.58587828999472,0.28545011242380947,-0.9484795080290573,0.20178379515240913,0.4283582318333037,True,True,37,64,0.578125,1.4314150385682323,3.3675637107497995,,False,False,False,False,False,False,,,,0.609375,16
12,0.014999999664723873,False,False,14,0.4165000021457672,1.5470000505447388,0.23675899177275947,0.5825902819633484,1.5470000505447388,0.28757191403420485,-0.8226048773036002,-0.08244694571607784,0.3591304324302078,False,True,37,64,0.578125,1.3784578091269912,3.2429759152585946,,False,False,False,False,False,False,,,,0.609375,16
12,0.014999999664723873,False,False,15,0.2800000011920929,1.683500051498413,0.127171711165378,0.2800000011920929,1.5716984787343569,0.11014056314586934,1.362536350443829,0.3048417253766828,0.6474516592654587,False,False,,,,,,SurfaceGeometryError: a requested surface does not close inside the lattice; the boundary flux does not bound this map,False,False,False,False,False,False,,,,0.609375,16
12,0.014999999664723873,False,False,16,0.2800000011920929,1.229088544845581,0.2700772147819273,0.19524440169334412,1.0835000276565552,0.2960582629749551,-0.3021258353286191,0.7476590632473238,0.6228737516328025,False,True,39,64,0.609375,1.1106155307548229,2.6128470479855093,,False,False,False,True,False,False,,,,0.609375,16
12,0.014999999664723873,False,False,17,0.19524440169334412,1.0835000276565552,0.29135374859958196,0.19524440169334412,-0.013747074786399693,0.35570417987551733,-0.053449368273222476,1.2657093474229253,2.3354623002930808,True,False,,,,,,SurfaceGeometryError: a requested surface does not close inside the lattice; the boundary flux does not bound this map,False,False,False,False,False,False,,,,0.609375,16
12,0.014999999664723873,False,False,18,0.19524440169334412,-1.0835000276565552,0.294538252535239,0.19524440169334412,-0.013879231382694313,0.3551067963111669,-0.05294042895299846,1.0973792590392495,2.3354623002930808,True,False,,,,,,SurfaceGeometryError: a requested surface does not close inside the lattice; the boundary flux does not bound this map,False,False,False,False,False,False,,,,0.609375,16
12,0.014999999664723873,False,False,19,0.2800000011920929,-1.229088544845581,0.2739570800646119,0.19524440169334412,-1.0835000276565552,0.2979285509578158,-0.3288196152131645,-0.10154068886621496,0.6228737516328025,False,True,39,64,0.609375,1.0545699278432905,2.48099350905612,,False,False,False,False,False,False,,,,0.609375,16
12,0.014999999664723873,False,False,20,0.2800000011920929,-1.683500051498413,0.12537181596795613,0.2800000011920929,-1.57291013171242,0.10822553286812595,1.4019705920985919,0.3438215868668387,0.6474516592654587,False,False,,,,,,SurfaceGeometryError: a requested surface does not close inside the lattice; the boundary flux does not bound this map,False,False,False,False,False,False,,,,0.609375,16
12,0.014999999664723873,False,False,21,0.4165000021457672,-1.5470000505447388,0.2374749133702294,0.5825902819633484,-1.5470000505447388,0.28598561608359907,-0.8744431637462812,0.4285738173489004,0.3591304324302078,False,True,37,64,0.578125,1.418184440047797,3.336437250395238,,False,False,False,False,False,False,,,,0.609375,16
12,0.014999999664723873,False,False,22,0.5825902819633484,-1.5470000505447388,0.28176871561633254,0.6267232793808929,-1.5840316636803737,0.28491519197952053,-0.948001731209915,0.2237015793384592,0.4283582318333037,True,True,37,64,0.578125,1.444545812051602,3.3984553215581514,,False,False,False,False,False,False,,,,0.609375,16
12,0.014999999664723873,False,False,23,0.7835000157356262,-1.7155816555023193,0.2452087600198715,0.7835000157356262,-1.7280815839767456,0.21413606724300022,0.1020648662443622,0.8140293459579127,0.2747678804901488,False,False,,,,,,SurfaceGeometryError: a requested surface does not close inside the lattice; the boundary flux does not bound this map,False,False,False,False,False,False,,,,0.609375,16
12,0.014999999664723873,False,False,24,0.7835000157356262,-1.7280815839767456,0.24381682920691888,0.7675920253242169,-1.7280815839767456,0.24318094052198694,2.5127567950440564,0.028407918885835576,0.23106926679611206,False,False,,,,,,SurfaceGeometryError: a requested surface does not close inside the lattice; the boundary flux does not bound this map,False,False,False,False,False,False,,,,0.609375,16
12,0.014999999664723873,False,False,25,0.5649306774139404,-1.7280815839767456,0.3463839376271872,0.6097788016734573,-1.7280815839767456,0.35370788476159937,-3.6413014444767025,0.17372121406216892,0.315487802028656,True,False,,,,,,SurfaceGeometryError: a requested surface does not close inside the lattice; the boundary flux does not bound this map,False,False,False,False,False,False,,,,0.609375,16
12,0.014999999664723873,False,False,26,0.5649306774139404,-1.8250000476837158,0.2805258623480205,1.3833572686687599,-1.8250000476837158,0.01800121759464074,0.3919319032999472,0.9153450549617896,1.4319877624511719,False,False,,,,,,SurfaceGeometryError: a requested surface does not close inside the lattice; the boundary flux does not bound this map,False,False,False,False,False,False,,,,0.609375,16
12,0.014999999664723873,False,False,27,1.899999976158142,-1.8250000476837158,0.12261555862793136,1.899999976158142,-1.1950000524520874,-0.8779702087383157,0.003244114410421608,18.897275802993434,1.96506929397583,False,False,,,,,,SurfaceGeometryError: a requested surface does not close inside the lattice; the boundary flux does not bound this map,False,False,False,False,False,False,,,,0.609375,16
12,0.014999999664723873,False,False,28,1.899999976158142,-1.1950000524520874,0.05211615109024481,1.899999976158142,-1.2167070408456566,0.05202626088706941,0.19077137677457898,0.6082930068380591,1.4900689125061035,False,False,,,,,,SurfaceGeometryError: a requested surface does not close inside the lattice; the boundary flux does not bound this map,False,False,False,False,False,False,,,,0.609375,16
12,0.014999999664723873,False,False,29,1.039931058883667,-1.1950000524520874,0.2003564905898759,1.039931058883667,-1.0330003499984741,0.20707466653442239,-0.1313289138324337,1.086244392012353,1.0220686197280884,False,False,,,,,,SurfaceGeometryError: a requested surface does not close inside the lattice; the boundary flux does not bound this map,False,False,False,False,False,False,,,,0.609375,16
12,0.014999999664723873,False,False,30,1.039931058883667,-1.0330003499984741,0.2065337844959941,1.039931058883667,-1.0936034654965048,0.20996685945024593,-0.9347455006615355,0.10139658695558251,0.5299992561340332,True,False,,,,,,SurfaceGeometryError: a requested surface does not close inside the lattice; the boundary flux does not bound this map,False,False,False,False,False,False,,,,0.609375,16
12,0.014999999664723873,False,False,31,1.407930612564087,-1.0330003499984741,0.038253879136700045,1.407930612564087,-1.0314317601536958,0.03825084755117847,1.2321143799799597,0.36956814352519834,0.5784996747970581,False,False,,,,,,SurfaceGeometryError: a requested surface does not close inside the lattice; the boundary flux does not bound this map,False,False,False,False,False,False,,,,0.609375,16
12,0.014999999664723873,False,False,32,1.407930612564087,-0.8225002288818359,0.09203557853390458,1.407930612564087,-0.846064011212343,0.09290392505877491,-1.5638787049074965,0.18693633878613117,0.3576737642288208,True,False,,,,,,SurfaceGeometryError: a requested surface does not close inside the lattice; the boundary flux does not bound this map,False,False,False,False,False,False,,,,0.609375,16
12,0.014999999664723873,False,False,33,1.5551042556762695,-0.8225002288818359,0.047314877113785694,1.5551042556762695,-0.6019418154449612,0.02218826062140468,0.5165195369926279,0.36773205654905733,0.5646738708019257,False,False,,,,,,SurfaceGeometryError: a requested surface does not close inside the lattice; the boundary flux does not bound this map,False,False,False,False,False,False,,,,0.609375,16
12,0.014999999664723873,False,False,34,1.5551042556762695,-0.4050000011920929,0.04222202777565417,1.5551042556762695,-0.7073780139503811,0.04817822754893484,-0.06514316254786488,0.11512221493145475,0.7623959481716156,True,False,,,,,,SurfaceGeometryError: a requested surface does not close inside the lattice; the boundary flux does not bound this map,False,False,False,False,False,False,,,,0.609375,16
12,0.014999999664723873,False,False,35,1.899999976158142,-0.4050000011920929,0.020885634124213515,1.899999976158142,0.040105905683628595,0.010962356215321302,0.05008739428655654,0.790001627357594,1.1548957228660583,False,False,,,,,,SurfaceGeometryError: a requested surface does not close inside the lattice; the boundary flux does not bound this map,False,False,False,False,False,False,,,,0.609375,16
12,0.014999999664723873,False,False,36,1.899999976158142,0.4050000011920929,0.017631377610498294,,,,,,,,False,,,,,,the centred bracket contains duplicate coordinates,False,False,False,False,False,False,,,,0.609375,16
13,0.019999999552965164,False,False,0,1.899999976158142,0.4050000011920929,0.010447591491510186,,,,,,,,False,,,,,,the centred bracket contains duplicate coordinates,False,False,False,False,False,False,,,,0.609375,16
13,0.019999999552965164,False,False,1,1.5551042556762695,0.4050000011920929,0.036709817685507073,1.5551042556762695,0.508998006637943,0.03819936278560035,-0.13772210021599418,0.4488937259277227,0.7623959481716156,True,False,,,,,,SurfaceGeometryError: a requested surface does not close inside the lattice; the boundary flux does not bound this map,False,False,False,False,False,False,,,,0.609375,16
13,0.019999999552965164,False,False,2,1.5551042556762695,0.8225002288818359,0.024663533006302522,1.5551042556762695,0.6378461291028034,0.004249015923081849,0.5987164653601167,0.23284612791071044,0.5646738708019257,False,False,,,,,,SurfaceGeometryError: a requested surface does not close inside the lattice; the boundary flux does not bound this map,False,False,False,False,False,False,,,,0.609375,16
13,0.019999999552965164,False,False,3,1.407930612564087,0.8225002288818359,0.07017347694326616,1.407930612564087,0.8406991323528785,0.07073138362722896,-1.6845004121000093,0.16537254658322517,0.3576737642288208,True,False,,,,,,SurfaceGeometryError: a requested surface does not close inside the lattice; the boundary flux does not bound this map,False,False,False,False,False,False,,,,0.609375,16
13,0.019999999552965164,False,False,4,1.407930612564087,1.0330003499984741,0.008438965518079884,1.4040924737251896,1.0330003499984741,0.008419163508895267,1.3442123969189148,0.2143382599555355,0.5784996747970581,False,False,,,,,,SurfaceGeometryError: a requested surface does not close inside the lattice; the boundary flux does not bound this map,False,False,False,False,False,False,,,,0.609375,16
13,0.019999999552965164,False,False,5,1.039931058883667,1.0330003499984741,0.18667992267916686,1.039931058883667,1.090745826390324,0.19002039747955726,-1.0017797826959163,0.42574503007226977,0.5299992561340332,True,False,,,,,,SurfaceGeometryError: a requested surface does not close inside the lattice; the boundary flux does not bound this map,False,False,False,False,False,False,,,,0.609375,16
13,0.019999999552965164,False,False,6,1.039931058883667,1.1950000524520874,0.17913210946998565,1.039931058883667,1.0330003499984741,0.18785933614693473,-0.13298693552006174,-0.09417346544367099,1.0220686197280884,False,False,,,,,,SurfaceGeometryError: a requested surface does not close inside the lattice; the boundary flux does not bound this map,False,False,False,False,False,False,,,,0.609375,16
13,0.019999999552965164,False,False,7,1.899999976158142,1.1950000524520874,0.022158094211566982,1.899999976158142,1.2657610941107753,0.02124567896065052,0.18222338125920948,0.930829958933163,1.4900689125061035,False,False,,,,,,SurfaceGeometryError: a requested surface does not close inside the lattice; the boundary flux does not bound this map,False,False,False,False,False,False,,,,0.609375,16
13,0.019999999552965164,False,False,8,1.899999976158142,1.8250000476837158,0.07823571475817984,1.899999976158142,1.1950000524520874,-0.01882634199507172,0.02999038297539723,-1.1690106742798219,1.96506929397583,False,False,,,,,,SurfaceGeometryError: a requested surface does not close inside the lattice; the boundary flux does not bound this map,False,False,False,False,False,False,,,,0.609375,16
13,0.019999999552965164,False,False,9,0.5649306774139404,1.8250000476837158,0.27575291261456053,1.4553987101094432,1.8250000476837158,0.012645750523258323,0.331814991710691,0.44460126604869893,1.4319877624511719,False,False,,,,,,SurfaceGeometryError: a requested surface does not close inside the lattice; the boundary flux does not bound this map,False,False,False,False,False,False,,,,0.609375,16
13,0.019999999552965164,False,False,10,0.5649306774139404,1.7280815839767456,0.33614283497276853,0.6059339449369215,1.7280815839767456,0.3419977940036432,-3.4824663370093645,0.1379217312299513,0.315487802028656,True,False,,,,,,SurfaceGeometryError: a requested surface does not close inside the lattice; the boundary flux does not bound this map,True,True,False,False,False,False,,,,0.609375,16
13,0.019999999552965164,False,False,11,0.7835000157356262,1.7280815839767456,0.23219664205807233,0.7718361941570895,1.7280815839767456,0.2318652603625464,2.4358289088525527,0.206905516743149,0.23106926679611206,False,False,,,,,,SurfaceGeometryError: a requested surface does not close inside the lattice; the boundary flux does not bound this map,False,False,False,False,False,False,,,,0.609375,16
13,0.019999999552965164,False,False,12,0.7835000157356262,1.7155816555023193,0.23328750874997228,0.7835000157356262,1.7280815839767456,0.22045060181717172,0.15498094955353514,-0.2753002358531828,0.2747678804901488,False,False,,,,,,SurfaceGeometryError: a requested surface does not close inside the lattice; the boundary flux does not bound this map,False,False,False,False,False,False,,,,0.609375,16
13,0.019999999552965164,False,False,13,0.5825902819633484,1.5470000505447388,0.26734395218532886,0.6277504465227279,1.58489355066852,0.2704700015027863,-0.8994899184969669,0.2033157865367407,0.4283582318333037,True,True,37,64,0.578125,1.5458576398996686,3.0594756744065426,,False,False,False,False,False,False,,,,0.609375,16
13,0.019999999552965164,False,False,14,0.4165000021457672,1.5470000505447388,0.2249161421559978,0.5825902819633484,1.5470000505447388,0.27222835207623,-0.7900101563014819,-0.07863017987190113,0.3591304324302078,False,True,37,64,0.578125,1.5011213444592661,2.970936080507159,,False,False,False,False,False,False,,,,0.609375,16
13,0.019999999552965164,False,False,15,0.2800000011920929,1.683500051498413,0.12083526637029696,0.2800000011920929,1.5722905687586695,0.10478513349017125,1.2977618130825008,0.30424963535237026,0.6474516592654587,False,False,,,,,,SurfaceGeometryError: a requested surface does not close inside the lattice; the boundary flux does not bound this map,False,False,False,False,False,False,,,,0.609375,16
13,0.019999999552965164,False,False,16,0.2800000011920929,1.229088544845581,0.2576454207428645,0.19524440169334412,1.0835000276565552,0.2824469179964991,-0.28956528473602067,0.7470730798417575,0.6228737516328025,False,True,39,64,0.609375,1.2111558569281935,2.3970524753025244,,False,False,False,True,False,False,,,,0.609375,16
13,0.019999999552965164,False,False,17,0.19524440169334412,1.0835000276565552,0.2779802364781306,0.19524440169334412,-0.016009729620799273,0.33961832912575807,-0.05098600870839129,1.2679720022573249,2.3354623002930808,True,False,,,,,,SurfaceGeometryError: a requested surface does not close inside the lattice; the boundary flux does not bound this map,False,False,False,False,False,False,,,,0.609375,16
13,0.019999999552965164,False,False,18,0.19524440169334412,-1.0835000276565552,0.2815179603433223,0.19524440169334412,-0.016007556830022196,0.3396264519472511,-0.050992929310361965,1.0995075844865774,2.3354623002930808,True,False,,,,,,SurfaceGeometryError: a requested surface does not close inside the lattice; the boundary flux does not bound this map,False,False,False,False,False,False,,,,0.609375,16
13,0.019999999552965164,False,False,19,0.2800000011920929,-1.229088544845581,0.2617304659842909,0.19524440169334412,-1.0835000276565552,0.28479172514740436,-0.31562209527320845,-0.10184507641563206,0.6228737516328025,False,True,39,64,0.609375,1.1461055271497937,2.2683084716942394,,False,False,False,False,False,False,,,,0.609375,16
13,0.019999999552965164,False,False,20,0.2800000011920929,-1.683500051498413,0.11902151528378138,0.2800000011920929,-1.573758600137335,0.10292220042616479,1.3367986396064024,0.34467005529175393,0.6474516592654587,False,False,,,,,,SurfaceGeometryError: a requested surface does not close inside the lattice; the boundary flux does not bound this map,False,False,False,False,False,False,,,,0.609375,16
13,0.019999999552965164,False,False,21,0.4165000021457672,-1.5470000505447388,0.22547548787526542,0.5825902819633484,-1.5470000505447388,0.2702469786623283,-0.8434239182455899,0.4234376839578186,0.3591304324302078,False,True,37,64,0.578125,1.5513820015885642,3.070409184561395,,False,False,False,False,False,False,,,,0.609375,16
13,0.019999999552965164,False,False,22,0.5825902819633484,-1.5470000505447388,0.2667590643302486,0.6243220159415106,-1.5820167844759851,0.269441027606237,-0.9037149621242945,0.22056696543662183,0.4283582318333037,True,True,37,64,0.578125,1.5711455920268782,3.1095241862434904,,False,False,False,False,False,False,,,,0.609375,16
13,0.019999999552965164,False,False,23,0.7835000157356262,-1.7155816555023193,0.2304211365533398,0.7835000157356262,-1.7280815839767456,0.2055009925320449,0.11682552004203281,0.7241237633022712,0.2747678804901488,False,False,,,,,,SurfaceGeometryError: a requested surface does not close inside the lattice; the boundary flux does not bound this map,False,False,False,False,False,False,,,,0.609375,16
13,0.019999999552965164,False,False,24,0.7835000157356262,-1.7280815839767456,0.22909048441704274,0.7676592135338872,-1.7280815839767456,0.22848588103779308,2.409440621393423,0.028340730676165247,0.23106926679611206,False,False,,,,,,SurfaceGeometryError: a requested surface does not close inside the lattice; the boundary flux does not bound this map,False,False,False,False,False,False,,,,0.609375,16
13,0.019999999552965164,False,False,25,0.5649306774139404,-1.7280815839767456,0.3275111422662952,0.6093755957398423,-1.7280815839767456,0.3343702862271829,-3.4723675827270597,0.17412441999578393,0.315487802028656,True,False,,,,,,SurfaceGeometryError: a requested surface does not close inside the lattice; the boundary flux does not bound this map,False,False,False,False,False,False,,,,0.609375,16
13,0.019999999552965164,False,False,26,0.5649306774139404,-1.8250000476837158,0.2649798613315055,1.3942877715852802,-1.8250000476837158,0.012201274171755372,0.3674998400230139,0.92627555787831,1.4319877624511719,False,False,,,,,,SurfaceGeometryError: a requested surface does not close inside the lattice; the boundary flux does not bound this map,False,False,False,False,False,False,,,,0.609375,16
13,0.019999999552965164,False,False,27,1.899999976158142,-1.8250000476837158,0.10618745969979233,1.899999976158142,-1.1950000524520874,-0.7778847108644142,0.0036769993690813755,16.840972990404648,1.96506929397583,False,False,,,,,,SurfaceGeometryError: a requested surface does not close inside the lattice; the boundary flux does not bound this map,False,False,False,False,False,False,,,,0.609375,16
13,0.019999999552965164,False,False,28,1.899999976158142,-1.1950000524520874,0.03580771167602514,1.899999976158142,-1.217786702365816,0.035708459948152055,0.19115123842913861,0.6072133453178997,1.4900689125061035,False,False,,,,,,SurfaceGeometryError: a requested surface does not close inside the lattice; the boundary flux does not bound this map,False,False,False,False,False,False,,,,0.609375,16
13,0.019999999552965164,False,False,29,1.039931058883667,-1.1950000524520874,0.18469822524515203,1.039931058883667,-1.0330003499984741,0.19275384570112314,-0.12692368600375603,1.1119979156692934,1.0220686197280884,False,False,,,,,,SurfaceGeometryError: a requested surface does not close inside the lattice; the boundary flux does not bound this map,False,False,False,False,False,False,,,,0.609375,16
13,0.019999999552965164,False,False,30,1.039931058883667,-1.0330003499984741,0.1917273785335495,1.039931058883667,-1.0918523213968463,0.19512010364941482,-0.9795500775740039,0.10314773105524119,0.5299992561340332,True,False,,,,,,SurfaceGeometryError: a requested surface does not close inside the lattice; the boundary flux does not bound this map,False,False,False,False,False,False,,,,0.609375,16
13,0.019999999552965164,False,False,31,1.407930612564087,-1.0330003499984741,0.016643900543417918,1.4051561960264105,-1.0330003499984741,0.01663379656907446,1.312649887570727,0.36522513714274357,0.5784996747970581,False,False,,,,,,SurfaceGeometryError: a requested surface does not close inside the lattice; the boundary flux does not bound this map,False,False,False,False,False,False,,,,0.609375,16
13,0.019999999552965164,False,False,32,1.407930612564087,-0.8225002288818359,0.07634102664968072,1.407930612564087,-0.8408924251271211,0.07689326824666656,-1.6325328608576728,0.19210792487135298,0.3576737642288208,True,False,,,,,,SurfaceGeometryError: a requested surface does not close inside the lattice; the boundary flux does not bound this map,False,False,False,False,False,False,,,,0.609375,16
13,0.019999999552965164,False,False,33,1.5551042556762695,-0.8225002288818359,0.03214220047108802,1.5551042556762695,-0.6247845661315723,0.010506095560444184,0.5534736235610749,0.3448893058624462,0.5646738708019257,False,False,,,,,,SurfaceGeometryError: a requested surface does not close inside the lattice; the boundary flux does not bound this map,False,False,False,False,False,False,,,,0.609375,16
13,0.019999999552965164,False,False,34,1.5551042556762695,-0.4050000011920929,0.037241780074385944,1.5551042556762695,-0.5559683729779268,0.039650736665367683,-0.10569563003310094,0.2665318559039091,0.7623959481716156,True,False,,,,,,SurfaceGeometryError: a requested surface does not close inside the lattice; the boundary flux does not bound this map,False,False,False,False,False,False,,,,0.609375,16
13,0.019999999552965164,False,False,35,1.899999976158142,-0.4050000011920929,0.013662168529413682,1.899999976158142,0.03558558828534819,0.0028379824571952705,0.05576152887367684,0.7854813099593136,1.1548957228660583,False,False,,,,,,SurfaceGeometryError: a requested surface does not close inside the lattice; the boundary flux does not bound this map,False,False,False,False,False,False,,,,0.609375,16
13,0.019999999552965164,False,False,36,1.899999976158142,0.4050000011920929,0.010447591489922178,,,,,,,,False,,,,,,the centred bracket contains duplicate coordinates,False,False,False,False,False,False,,,,0.609375,16
14,0.02499999850988388,False,False,0,1.899999976158142,0.4050000011920929,0.002856797056554297,,,,,,,,False,,,,,,the centred bracket contains duplicate coordinates,False,False,False,False,False,False,,,,0.625,19
14,0.02499999850988388,False,False,1,1.5551042556762695,0.4050000011920929,0.03298827903865913,1.5551042556762695,0.4637646328116944,0.033640693280606676,-0.18892585525539116,0.40366035210147405,0.7623959481716156,True,False,,,,,,SurfaceGeometryError: a requested surface does not close inside the lattice; the boundary flux does not bound this map,False,False,False,False,False,False,,,,0.625,19
14,0.02499999850988388,False,False,2,1.5551042556762695,0.8225002288818359,0.009327592988037564,1.5551042556762695,0.6560499663621795,-0.009232098322367287,0.6698873546255261,0.25104996517008665,0.5646738708019257,False,False,,,,,,SurfaceGeometryError: a requested surface does not close inside the lattice; the boundary flux does not bound this map,False,False,False,False,False,False,,,,0.625,19
14,0.02499999850988388,False,False,3,1.407930612564087,0.8225002288818359,0.056657991186885415,1.407930612564087,0.8347325307313185,0.05693834884704934,-1.8736827047697857,0.15940594496166513,0.3576737642288208,True,False,,,,,,SurfaceGeometryError: a requested surface does not close inside the lattice; the boundary flux does not bound this map,False,False,False,False,False,False,,,,0.625,19
14,0.02499999850988388,False,False,4,1.407930612564087,1.0330003499984741,-0.01671635840291827,1.397801515228094,1.0330003499984741,-0.016871338540824524,1.5105480825994926,0.22062921845263103,0.5784996747970581,False,False,,,,,,SurfaceGeometryError: a requested surface does not close inside the lattice; the boundary flux does not bound this map,False,False,False,False,False,False,,,,0.625,19
14,0.02499999850988388,False,False,5,1.039931058883667,1.0330003499984741,0.17658646301170264,1.039931058883667,1.0875794034081872,0.17986576187805692,-1.100852163916796,0.422578607090133,0.5299992561340332,True,False,,,,,,SurfaceGeometryError: a requested surface does not close inside the lattice; the boundary flux does not bound this map,False,False,False,False,False,False,,,,0.625,19
14,0.02499999850988388,False,False,6,1.039931058883667,1.1950000524520874,0.1671628131666183,1.039931058883667,1.0330003499984741,0.17929972275345757,-0.1285301720555972,-0.14529248141532228,1.0220686197280884,False,False,,,,,,SurfaceGeometryError: a requested surface does not close inside the lattice; the boundary flux does not bound this map,False,False,False,False,False,False,,,,0.625,19
14,0.02499999850988388,False,False,7,1.899999976158142,1.1950000524520874,0.004147551980121712,1.899999976158142,1.2604219191316661,0.003328888340487751,0.19127562891016672,0.9254907839540538,1.4900689125061035,False,False,,,,,,SurfaceGeometryError: a requested surface does not close inside the lattice; the boundary flux does not bound this map,False,False,False,False,False,False,,,,0.625,19
14,0.02499999850988388,False,False,8,1.899999976158142,1.8250000476837158,0.0642977011107407,1.899999976158142,1.1950000524520874,-0.054542739429537045,0.026456120986103004,-1.4894298347896475,1.96506929397583,False,False,,,,,,SurfaceGeometryError: a requested surface does not close inside the lattice; the boundary flux does not bound this map,False,False,False,False,False,False,,,,0.625,19
14,0.02499999850988388,False,False,9,0.5649306774139404,1.8250000476837158,0.26117307965174413,1.4712119160530714,1.8250000476837158,0.0075163407861437645,0.30883067137070397,0.42878806010507076,1.4319877624511719,False,False,,,,,,SurfaceGeometryError: a requested surface does not close inside the lattice; the boundary flux does not bound this map,False,False,False,False,False,False,,,,0.625,19
14,0.02499999850988388,False,False,10,0.5649306774139404,1.7280815839767456,0.3183265064420983,0.6057837773532795,1.7280815839767456,0.3238364146336669,-3.301370981680125,0.13777156364630927,0.315487802028656,True,False,,,,,,SurfaceGeometryError: a requested surface does not close inside the lattice; the boundary flux does not bound this map,True,True,False,False,False,False,,,,0.625,19
14,0.02499999850988388,False,False,11,0.7835000157356262,1.7280815839767456,0.21956901226536168,0.7721288601719589,1.7280815839767456,0.21927066820558133,2.3073219268604035,0.20719818275801852,0.23106926679611206,False,True,33,64,0.515625,2.821773879119311,4.469422194376899,,False,False,False,False,False,False,,,,0.625,19
14,0.02499999850988388,False,False,12,0.7835000157356262,1.7155816555023193,0.22058544635155608,0.7835000157356262,1.7280815839767456,0.21029979184023329,0.16918115505735418,-0.23406992291938974,0.2747678804901488,False,False,,,,,,SurfaceGeometryError: a requested surface does not close inside the lattice; the boundary flux does not bound this map,False,False,False,False,False,False,,,,0.625,19
14,0.02499999850988388,False,False,13,0.5825902819633484,1.5470000505447388,0.25410348458698234,0.6260242736843334,1.583445134098218,0.2568632567391659,-0.8584702431696373,0.20556913587253767,0.4283582318333037,True,True,39,64,0.609375,1.697323197096301,2.6883989621807003,,False,False,False,False,False,False,,,,0.625,19
14,0.02499999850988388,False,False,14,0.4165000021457672,1.5470000505447388,0.21425310229084932,0.5825902819633484,1.5470000505447388,0.25831424438642747,-0.7623421946426372,-0.07431992367615643,0.3591304324302078,False,True,39,64,0.609375,1.665402726168316,2.637839963716576,,False,False,False,False,False,False,,,,0.625,19
14,0.02499999850988388,False,False,15,0.2800000011920929,1.683500051498413,0.11508599418583351,0.2800000011920929,1.5733042817723866,0.09999749384148245,1.2425567457665743,0.3032359223386532,0.6474516592654587,False,False,,,,,,SurfaceGeometryError: a requested surface does not close inside the lattice; the boundary flux does not bound this map,False,False,False,False,False,False,,,,0.625,19
14,0.02499999850988388,False,False,16,0.2800000011920929,1.229088544845581,0.24722117571723043,0.19524440169334412,1.0835000276565552,0.2707051989201399,-0.28184068293776293,0.7430700456252193,0.6228737516328025,False,True,39,64,0.609375,1.3763124751466878,2.179948424761189,,False,False,False,False,False,False,,,,0.625,19
14,0.02499999850988388,False,False,17,0.19524440169334412,1.0835000276565552,0.26663340455424817,0.19524440169334412,-0.013743981677563522,0.32534510712405024,-0.04876612390787164,1.2657062543140891,2.3354623002930808,True,False,,,,,,SurfaceGeometryError: a requested surface does not close inside the lattice; the boundary flux does not bound this map,False,False,False,False,False,False,,,,0.625,19
14,0.02499999850988388,False,False,18,0.19524440169334412,-1.0835000276565552,0.2695382278805972,0.19524440169334412,-0.013850660161223827,0.3249042356252023,-0.04839052476010549,1.097350687817779,2.3354623002930808,True,False,,,,,,SurfaceGeometryError: a requested surface does not close inside the lattice; the boundary flux does not bound this map,False,False,False,False,False,False,,,,0.625,19
14,0.02499999850988388,False,False,19,0.2800000011920929,-1.229088544845581,0.25072541475000354,0.19524440169334412,-1.0835000276565552,0.27246583328375057,-0.30698762790744616,-0.09765530336191,0.6228737516328025,False,True,40,64,0.625,1.3144916549007233,2.082030108865468,,False,False,False,True,False,False,,,,0.625,19
14,0.02499999850988388,False,False,20,0.2800000011920929,-1.683500051498413,0.11308948584442526,0.2800000011920929,-1.5748083826074208,0.09799302826574346,1.2778578250177421,0.3457198377618397,0.6474516592654587,False,False,,,,,,SurfaceGeometryError: a requested surface does not close inside the lattice; the boundary flux does not bound this map,False,False,False,False,False,False,,,,0.625,19
14,0.02499999850988388,False,False,21,0.4165000021457672,-1.5470000505447388,0.21433187807179882,0.5825902819633484,-1.5470000505447388,0.25555709384091535,-0.8162851114843518,0.417769883140443,0.3591304324302078,False,True,39,64,0.609375,1.725837757427117,2.7335633212912978,,False,False,False,False,False,False,,,,0.625,19
14,0.02499999850988388,False,False,22,0.5825902819633484,-1.5470000505447388,0.2527502279542387,0.6214074996799162,-1.5795712393058767,0.25497105372116774,-0.864922484526095,0.21676235031572735,0.4283582318333037,True,True,39,64,0.609375,1.7385664856993728,2.753724419622808,,False,False,False,False,False,False,,,,0.625,19
14,0.02499999850988388,False,False,23,0.7835000157356262,-1.7155816555023193,0.2162460375372533,0.7835000157356262,-1.7280815839767456,0.19600980868835416,0.13383965384527619,0.651109254064235,0.2747678804901488,False,False,,,,,,SurfaceGeometryError: a requested surface does not close inside the lattice; the boundary flux does not bound this map,False,False,False,False,False,False,,,,0.625,19
14,0.02499999850988388,False,False,24,0.7835000157356262,-1.7280815839767456,0.21496589755689338,0.7675905064270303,-1.7280815839767456,0.21438100772760177,2.3107901056857734,0.028409437783022164,0.23106926679611206,False,False,,,,,,SurfaceGeometryError: a requested surface does not close inside the lattice; the boundary flux does not bound this map,False,False,False,False,False,False,,,,0.625,19
14,0.02499999850988388,False,False,25,0.5649306774139404,-1.7280815839767456,0.30928748270606676,0.608922393678131,-1.7280815839767456,0.3156828774937093,-3.3046505929197094,0.17457762205749525,0.315487802028656,True,False,,,,,,SurfaceGeometryError: a requested surface does not close inside the lattice; the boundary flux does not bound this map,False,False,False,False,False,False,,,,0.625,19
14,0.02499999850988388,False,False,26,0.5649306774139404,-1.8250000476837158,0.2500667967100086,1.411753094350626,-1.8250000476837158,0.005351044007668004,0.34125359424704704,0.9437408806436557,1.4319877624511719,False,False,,,,,,SurfaceGeometryError: a requested surface does not close inside the lattice; the boundary flux does not bound this map,False,False,False,False,False,False,,,,0.625,19
14,0.02499999850988388,False,False,27,1.899999976158142,-1.8250000476837158,0.08670078807652645,1.899999976158142,-1.1950000524520874,-0.624786284649083,0.004732008859618627,13.597052936638052,1.96506929397583,False,False,,,,,,SurfaceGeometryError: a requested surface does not close inside the lattice; the boundary flux does not bound this map,False,False,False,False,False,False,,,,0.625,19
14,0.02499999850988388,False,False,28,1.899999976158142,-1.1950000524520874,0.015468915751961104,1.899999976158142,-1.2234052283499723,0.015309757029369417,0.19725838761718878,0.6015948193337434,1.4900689125061035,False,False,,,,,,SurfaceGeometryError: a requested surface does not close inside the lattice; the boundary flux does not bound this map,False,False,False,False,False,False,,,,0.625,19
14,0.02499999850988388,False,False,29,1.039931058883667,-1.1950000524520874,0.1710228088572823,1.039931058883667,-1.0330003499984741,0.18269768521628185,-0.12238744939052154,1.1689260980867895,1.0220686197280884,False,False,,,,,,SurfaceGeometryError: a requested surface does not close inside the lattice; the boundary flux does not bound this map,False,False,False,False,False,False,,,,0.625,19
14,0.02499999850988388,False,False,30,1.039931058883667,-1.0330003499984741,0.1800581405373046,1.039931058883667,-1.0881315833779075,0.1833347303688467,-1.0780196126998611,0.1068684690741799,0.5299992561340332,True,False,,,,,,SurfaceGeometryError: a requested surface does not close inside the lattice; the boundary flux does not bound this map,False,False,False,False,False,False,,,,0.625,19
14,0.02499999850988388,False,False,31,1.407930612564087,-1.0330003499984741,-0.009673537750932604,1.398239730141449,-1.0330003499984741,-0.009812427329840612,1.478914314056476,0.3583086712577821,0.5784996747970581,False,False,,,,,,SurfaceGeometryError: a requested surface does not close inside the lattice; the boundary flux does not bound this map,False,False,False,False,False,False,,,,0.625,19
14,0.02499999850988388,False,False,32,1.407930612564087,-0.8225002288818359,0.06189136968680438,1.407930612564087,-0.8348173209318849,0.062168870546255736,-1.8291442592900582,0.19818302906658924,0.3576737642288208,True,False,,,,,,SurfaceGeometryError: a requested surface does not close inside the lattice; the boundary flux does not bound this map,False,False,False,False,False,False,,,,0.625,19
14,0.02499999850988388,False,False,33,1.5551042556762695,-0.8225002288818359,0.01564038915206009,1.5551042556762695,-0.6458365903653369,-0.003956194478459664,0.6278935526337952,0.3238372816286816,0.5646738708019257,False,False,,,,,,SurfaceGeometryError: a requested surface does not close inside the lattice; the boundary flux does not bound this map,False,False,False,False,False,False,,,,0.625,19
14,0.02499999850988388,False,False,34,1.5551042556762695,-0.4050000011920929,0.03246305229937371,1.5551042556762695,-0.48529993428534485,0.03347440743372475,-0.15684595278527433,0.3372002945964911,0.7623959481716156,True,False,,,,,,SurfaceGeometryError: a requested surface does not close inside the lattice; the boundary flux does not bound this map,False,False,False,False,False,False,,,,0.625,19
14,0.02499999850988388,False,False,35,1.899999976158142,-0.4050000011920929,0.005118016857075761,1.899999976158142,0.021074005889671787,-0.006906032444716645,0.06623395171375189,0.7709697275636372,1.1548957228660583,False,False,,,,,,SurfaceGeometryError: a requested surface does not close inside the lattice; the boundary flux does not bound this map,False,False,False,False,False,False,,,,0.625,19
14,0.02499999850988388,False,False,36,1.899999976158142,0.4050000011920929,0.0028567970550307936,,,,,,,,False,,,,,,the centred bracket contains duplicate coordinates,False,False,False,False,False,False,,,,0.625,19
